replicate,bDA,status,iterations,error
1,9.71082832291182,success,5,
2,8.924720182990544,success,5,
3,11.28441096909508,success,5,
4,10.526101645468529,success,5,
5,10.655254634403338,success,4,
6,9.535198451905691,success,5,
7,10.283518951936271,success,5,
8,10.125944135228334,success,4,
9,10.207413062584857,success,5,
10,10.987842279206879,success,5,
11,9.332790710151457,success,5,
12,10.675599259410237,success,5,
13,9.636195225856126,success,5,
14,10.174130172943542,success,4,
15,8.67550661793796,success,5,
16,9.945268166772822,success,5,
17,9.273431630371027,success,5,
18,11.269207348588163,success,5,
19,11.567594003309726,success,5,
20,11.062063067948985,success,4,
21,10.808976562419469,success,4,
22,10.200124733454325,success,4,
23,11.0653172337095,success,4,
24,10.804963816041184,success,5,
25,9.102904383466154,success,5,
26,11.288796784329616,success,5,
27,9.037964741168565,success,5,
28,9.142426836753552,success,5,
29,10.219405452103123,success,4,
30,10.075678207186362,success,5,
31,11.217999363843994,success,5,
32,9.63542337164272,success,4,
33,10.428434765206363,success,5,
34,11.723504581396504,success,5,
35,9.604043137376639,success,4,
36,9.022973531759058,success,5,
37,11.304649396949305,success,5,
38,10.965114327504635,success,5,
39,10.39263191229116,success,5,
40,10.53669671091743,success,5,
41,9.946911024226814,success,4,
42,8.613624046192383,success,5,
43,11.696943201772203,success,5,
44,10.649755823027656,success,4,
45,10.385781644558318,success,4,
46,10.209069919978822,success,5,
47,9.723637089750751,success,4,
48,8.49895393108074,success,5,
49,9.96911889297907,success,5,
50,9.251549200795042,success,5,
51,9.668764864168015,success,5,
52,9.52926827413116,success,5,
53,10.816490420850366,success,5,
54,10.070800505725018,success,5,
55,10.088148688175199,success,4,
56,10.940004255751932,success,4,
57,11.183453056046345,success,5,
58,9.7356272035824,success,5,
59,8.537804953924917,success,5,
60,11.017391901494713,success,5,
61,10.164866547439324,success,5,
62,11.239930574702376,success,5,
63,9.183224786853653,success,4,
64,11.14328541873217,success,5,
65,9.553419199794678,success,5,
66,10.187300975738063,success,4,
67,8.786218660414463,success,5,
68,9.340148500828928,success,5,
69,10.296918791180772,success,5,
70,9.528752741887091,success,5,
71,11.36148593107346,success,5,
72,9.718628189524246,success,5,
73,11.020147051799052,success,4,
74,10.2583852924832,success,4,
75,8.412529995818238,success,5,
76,10.944658954761374,success,4,
77,10.030787309291624,success,5,
78,10.39256433091821,success,4,
79,11.118983946962864,success,5,
80,9.02388420356739,success,5,
81,10.684773842851978,success,4,
82,10.244863818097922,success,4,
83,10.712725854941539,success,5,
84,9.801027020969691,success,4,
85,9.075183759709722,success,5,
86,11.286342023622561,success,4,
87,10.168511551518879,success,4,
88,9.272701029858831,success,4,
89,9.67823712414965,success,4,
90,11.121577453828376,success,4,
91,8.930382119624458,success,4,
92,9.833885346775881,success,5,
93,11.070797153663875,success,5,
94,10.66916808300912,success,4,
95,11.243486327217882,success,4,
96,8.744409940639487,success,5,
97,9.32439798150987,success,5,
98,10.903802946940239,success,5,
99,10.567459168829622,success,5,
100,8.47341492903227,success,5,
101,11.70933256893839,success,5,
102,10.17397652944128,success,5,
103,10.591094648924152,success,5,
104,10.218571533721635,success,4,
105,10.130894384959388,success,5,
106,10.161566216627339,success,4,
107,10.133404801194539,success,5,
108,11.110601705776974,success,5,
109,9.368887433277756,success,4,
110,9.878644409628935,success,4,
111,10.836267673555854,success,5,
112,11.36753226757792,success,4,
113,9.96475287872759,success,4,
114,11.116503774457438,success,4,
115,10.836344792014296,success,5,
116,9.061306748304931,success,5,
117,10.339824503206241,success,5,
118,11.232349663906959,success,5,
119,9.430800918927838,success,5,
120,10.582927296019163,success,5,
121,11.59042090997556,success,5,
122,9.203021083100708,success,5,
123,10.28138889635359,success,5,
124,8.266576350652324,success,5,
125,10.66402160035708,success,4,
126,8.09426190388276,success,5,
127,9.594402173012485,success,4,
128,11.035390449959362,success,5,
129,9.951111659488141,success,5,
130,9.803554645798506,success,4,
131,11.155571513566226,success,4,
132,11.322174857416194,success,4,
133,9.40009461266712,success,4,
134,11.634801084079221,success,5,
135,10.536223352481377,success,5,
136,10.552874958187108,success,4,
137,10.027197138474103,success,5,
138,9.775998373520022,success,4,
139,10.315074207133149,success,4,
140,10.658970399876921,success,5,
141,9.46517154984462,success,4,
142,11.545477256636197,success,5,
143,10.57395714579011,success,4,
144,9.934791873813067,success,5,
145,10.435728966373098,success,4,
146,8.769957247208744,success,5,
147,10.361264715486906,success,5,
148,10.406198071935059,success,4,
149,8.867433468194822,success,5,
150,9.951098086002185,success,5,
151,9.94926580979476,success,5,
152,10.87360592397688,success,4,
153,9.488830470208663,success,4,
154,12.218311085307068,success,5,
155,10.116178147710254,success,4,
156,11.439460758500784,success,5,
157,10.439584140963765,success,4,
158,9.863336327203028,success,5,
159,10.546167968417905,success,5,
160,11.094573597876307,success,4,
161,9.519652366369188,success,5,
162,10.827814172564619,success,5,
163,11.010688267024106,success,5,
164,9.677166698975865,success,4,
165,11.095609880877573,success,5,
166,10.5860737877941,success,5,
167,10.397459832195851,success,4,
168,11.863052862816286,success,5,
169,10.339822012663614,success,5,
170,9.602033570259442,success,4,
171,9.762231415673476,success,4,
172,9.411576967525718,success,5,
173,10.303586662330913,success,4,
174,10.392400159734168,success,4,
175,9.724675762221903,success,4,
176,9.448202164388544,success,4,
177,10.973966802383725,success,4,
178,10.168798947135144,success,4,
179,11.208447254239566,success,4,
180,11.692683547949589,success,4,
181,10.51521875012719,success,4,
182,9.855503910720296,success,4,
183,11.46406318960104,success,5,
184,9.220256878890323,success,5,
185,10.51566362426414,success,5,
186,10.245118772627448,success,4,
187,10.908507492717098,success,4,
188,9.250736330339771,success,4,
189,11.05909301099784,success,5,
190,9.489917533596168,success,5,
191,9.6262980029037,success,5,
192,10.803196466960863,success,4,
193,11.013749372644686,success,4,
194,9.837329256854758,success,4,
195,9.35260348129495,success,5,
196,10.402593298142637,success,4,
197,10.122707532852436,success,4,
198,10.962144002866317,success,5,
199,9.63031337209364,success,5,
200,10.992198548772542,success,5,
201,9.80297201394639,success,5,
202,10.037675413842436,success,5,
203,9.45000644383969,success,5,
204,9.986207362665422,success,4,
205,9.904136562797053,success,5,
206,10.24317554805731,success,5,
207,11.125175961422787,success,5,
208,9.741641805676569,success,4,
209,9.853841867142735,success,5,
210,10.437734022631478,success,4,
211,11.098322437841611,success,4,
212,9.976939177123523,success,4,
213,9.754381239585799,success,4,
214,12.573301210574654,success,5,
215,9.969315291736324,success,5,
216,10.132978677537508,success,4,
217,9.105959007641193,success,5,
218,9.331210193770556,success,4,
219,10.248309880988687,success,5,
220,9.150720889623111,success,5,
221,10.393758673448817,success,5,
222,9.918616722339797,success,5,
223,10.370566196144177,success,4,
224,10.531462252565667,success,5,
225,10.51044804245883,success,5,
226,9.30539898005945,success,4,
227,10.55101891517346,success,5,
228,9.795911929835768,success,5,
229,11.17106214515471,success,5,
230,11.398079295449017,success,5,
231,10.228758511664521,success,4,
232,10.194138791604502,success,4,
233,10.780166898643925,success,5,
234,9.269574957304158,success,5,
235,9.355954336180181,success,5,
236,9.76393064470803,success,4,
237,10.593854582715743,success,4,
238,9.726164879815494,success,5,
239,9.287363979448672,success,5,
240,9.459538952497562,success,4,
241,9.964966721779104,success,5,
242,9.083188434255401,success,5,
243,11.197917959923503,success,5,
244,11.455336890014262,success,5,
245,10.320201557816482,success,4,
246,9.790052980511925,success,5,
247,11.163357012703187,success,5,
248,10.33269215026265,success,4,
249,10.263652422970816,success,5,
250,11.453624375959476,success,5,
251,11.082436434093939,success,5,
252,9.593018356540952,success,5,
253,10.239513373337626,success,4,
254,9.923967645897699,success,4,
255,11.3285120422114,success,5,
256,10.180053940732913,success,4,
257,9.765135080280537,success,4,
258,9.658663726063716,success,4,
259,11.939784324848178,success,5,
260,10.36065777342466,success,5,
261,8.600857769502156,success,5,
262,10.201240706213746,success,5,
263,9.658119514487632,success,5,
264,9.242593867822643,success,5,
265,9.901251144699817,success,5,
266,9.479685903016247,success,4,
267,10.902164269804475,success,5,
268,10.875515034435107,success,4,
269,10.643600000818981,success,4,
270,9.716627329184247,success,5,
271,9.148429043502933,success,5,
272,10.4371925690132,success,5,
273,9.354016514593251,success,5,
274,11.290630933862387,success,5,
275,10.959710105480081,success,5,
276,8.52393414044788,success,5,
277,10.653910896580236,success,5,
278,9.719267595391571,success,4,
279,10.20172789632436,success,4,
280,10.110870594542044,success,5,
281,11.32160786140932,success,5,
282,10.95606617484606,success,5,
283,9.870427254701667,success,4,
284,9.558824447104554,success,4,
285,10.16314167472475,success,4,
286,10.434151754341732,success,4,
287,8.516588430988735,success,5,
288,11.219854533922696,success,5,
289,10.122998425711828,success,4,
290,10.702410805415143,success,5,
291,9.224566426119438,success,4,
292,10.311646307907585,success,4,
293,9.969966613085736,success,5,
294,10.401050613861392,success,4,
295,11.385427042679222,success,5,
296,11.256970023393267,success,4,
297,10.616112052402057,success,4,
298,11.441686691185426,success,5,
299,11.347160098084492,success,5,
300,9.815693585910278,success,4,
301,10.036264467483083,success,4,
302,10.902850830408978,success,5,
303,11.461118578810343,success,5,
304,10.309657995973675,success,4,
305,12.03624274413861,success,5,
306,9.530821291998635,success,5,
307,9.414292720115222,success,4,
308,9.0712885132389,success,4,
309,10.531168502999659,success,5,
310,10.62573271503636,success,5,
311,9.55680350684964,success,5,
312,10.998920358051464,success,5,
313,10.299961883822883,success,5,
314,8.930262373959339,success,5,
315,10.346380350881207,success,4,
316,10.375676243266694,success,5,
317,9.725014473963132,success,5,
318,10.03367328681473,success,5,
319,10.495550752545245,success,4,
320,11.2793656552691,success,5,
321,10.160227305559255,success,4,
322,9.651064662123542,success,4,
323,10.0033999519493,success,4,
324,8.563033443136412,success,5,
325,10.152532622204827,success,5,
326,9.697265960874036,success,5,
327,10.73636575808228,success,5,
328,9.22794624974521,success,5,
329,8.911213158612163,success,5,
330,11.515426418707742,success,5,
331,10.078818696649662,success,5,
332,10.346554809318853,success,5,
333,10.218109747110919,success,5,
334,10.824148820576639,success,5,
335,9.25616283009073,success,4,
336,9.989850982520101,success,4,
337,9.370133753537635,success,5,
338,9.821507083423406,success,4,
339,10.040786610625727,success,5,
340,10.314301027601996,success,5,
341,10.46880698429468,success,4,
342,9.064358440106533,success,4,
343,10.72624699137376,success,5,
344,11.421042444291412,success,5,
345,8.191840231131824,success,5,
346,9.17463853680301,success,5,
347,10.758506195968929,success,5,
348,9.556165038628546,success,4,
349,9.845803042029447,success,5,
350,10.951393900664439,success,4,
351,9.935603305271536,success,4,
352,9.74223237372924,success,4,
353,8.972247220406327,success,5,
354,9.60400825215651,success,5,
355,8.700872475326527,success,5,
356,10.974506295636187,success,4,
357,10.697497835315248,success,5,
358,9.149847559886274,success,5,
359,10.439814371019665,success,4,
360,9.841421206010217,success,4,
361,9.527640468591619,success,4,
362,10.339104874532069,success,4,
363,9.8796200188427,success,5,
364,10.764064567005816,success,5,
365,10.209011526155086,success,4,
366,10.636189504191382,success,4,
367,9.358891790444352,success,5,
368,10.021201126693693,success,4,
369,10.109996338290484,success,4,
370,10.050094314931744,success,4,
371,10.774720496232197,success,5,
372,9.714743703699028,success,5,
373,9.540629461353651,success,4,
374,9.813701458537663,success,4,
375,9.204424325597685,success,5,
376,9.831528298365356,success,5,
377,9.97756133416496,success,4,
378,10.838664767447955,success,5,
379,10.490040392757702,success,5,
380,10.921804268901962,success,5,
381,9.127681169776533,success,5,
382,8.984169392630706,success,5,
383,10.62335478340544,success,4,
384,9.309466631052977,success,4,
385,9.489124381956685,success,4,
386,9.879798214727346,success,4,
387,8.955826750554115,success,5,
388,9.892109458128521,success,4,
389,10.821500838323514,success,4,
390,10.373543157382906,success,5,
391,10.60697447226465,success,4,
392,10.904936990835353,success,5,
393,11.284348417486553,success,5,
394,10.215629034917667,success,5,
395,10.166329540600607,success,4,
396,9.978817213733512,success,5,
397,10.094606018049195,success,5,
398,8.80417030282466,success,5,
399,9.822485376713539,success,4,
400,10.16061169333781,success,4,
401,10.57781002508329,success,5,
402,9.98010550710308,success,4,
403,10.164076836022346,success,4,
404,8.749913695037494,success,5,
405,10.77053495882709,success,5,
406,10.344763904237732,success,5,
407,9.232373617667875,success,4,
408,10.268949663706827,success,5,
409,11.805846415929071,success,5,
410,11.05416621540078,success,5,
411,10.164120811733213,success,5,
412,8.89250658961672,success,5,
413,9.793575843776336,success,4,
414,11.045898314569724,success,5,
415,8.585866076483496,success,5,
416,10.26239443097688,success,5,
417,10.981309311428655,success,5,
418,10.817458081175634,success,5,
419,9.393087890991008,success,4,
420,9.710835907810482,success,4,
421,10.374876445880354,success,4,
422,10.855634074903854,success,4,
423,9.888206072360187,success,5,
424,11.559139107040451,success,5,
425,8.78109664159311,success,4,
426,9.57461171339216,success,5,
427,11.016840440937353,success,4,
428,10.00749844817529,success,4,
429,11.29954834260102,success,5,
430,10.846345378789344,success,4,
431,10.962930649189824,success,5,
432,9.679168828988399,success,5,
433,10.45580476219362,success,5,
434,10.368795864952213,success,5,
435,9.875702610987494,success,5,
436,10.854448402686872,success,4,
437,9.729897846632204,success,5,
438,9.090967537207684,success,5,
439,9.61591855161252,success,5,
440,9.49163844879654,success,5,
441,9.22261686988622,success,5,
442,11.715838790623602,success,5,
443,11.233935432754727,success,5,
444,9.959562413005633,success,5,
445,10.431526029035842,success,4,
446,9.596032992694518,success,5,
447,11.00334245106647,success,5,
448,9.66600982920874,success,5,
449,10.108762384201563,success,4,
450,9.918325262691427,success,4,
451,9.860356925983462,success,4,
452,10.71398521171603,success,5,
453,9.425622271079101,success,4,
454,10.505345934046625,success,4,
455,9.732206021002277,success,5,
456,10.649153360823439,success,5,
457,12.457349944653606,success,5,
458,11.718314183526157,success,5,
459,9.32633523997091,success,5,
460,11.002376732831044,success,4,
461,9.91208689882775,success,4,
462,9.64822721062015,success,4,
463,9.787951868654273,success,4,
464,9.759024361537348,success,4,
465,11.046572707815383,success,5,
466,10.693819227084582,success,5,
467,9.173052146857017,success,5,
468,10.299603395215762,success,5,
469,10.705061552954257,success,5,
470,10.184678676756667,success,5,
471,9.244648177344247,success,5,
472,10.564378146229297,success,4,
473,9.55995725476715,success,5,
474,10.751668722158403,success,4,
475,10.451051122563744,success,4,
476,9.89005826700572,success,5,
477,9.523249186924206,success,4,
478,9.741056912158008,success,5,
479,8.914253304293952,success,5,
480,8.258396902823296,success,5,
481,11.300191285564539,success,5,
482,10.198033109724202,success,4,
483,9.618715089458728,success,5,
484,9.86398876188079,success,4,
485,12.653053087754454,success,5,
486,10.709465150065418,success,5,
487,10.76857154969068,success,5,
488,10.502625459010465,success,5,
489,9.99336105610033,success,5,
490,10.0787929268175,success,5,
491,9.657839983399201,success,5,
492,9.487153942935747,success,4,
493,10.953267493717956,success,4,
494,9.37868663677595,success,4,
495,9.788510559237753,success,4,
496,10.990806400928369,success,5,
497,9.9703603259182,success,5,
498,10.847978461261622,success,5,
499,9.432804920719956,success,4,
500,10.277127966250355,success,5,
501,10.172568753492568,success,4,
502,11.038337403017366,success,5,
503,9.10789643490297,success,5,
504,11.5025719710588,success,5,
505,9.09977845199409,success,5,
506,10.95221676183467,success,5,
507,10.140002786029015,success,5,
508,10.046170995279661,success,5,
509,10.66656724778544,success,5,
510,8.546060288981513,success,5,
511,10.947896464395242,success,5,
512,10.157970458589647,success,5,
513,9.628164397498523,success,4,
514,10.877078352607047,success,4,
515,9.706941732725186,success,4,
516,9.307268279457887,success,5,
517,10.947825737891062,success,5,
518,9.122995939629948,success,4,
519,11.604394621782745,success,5,
520,10.300046215725281,success,4,
521,9.745962339638126,success,4,
522,8.638459215522605,success,5,
523,10.406738469134686,success,4,
524,10.395268379962047,success,4,
525,8.891037018212215,success,4,
526,9.513284557728005,success,5,
527,12.0247253211039,success,5,
528,9.691223981792586,success,5,
529,10.137287624472789,success,4,
530,9.56432525196916,success,5,
531,8.682155822578917,success,5,
532,9.157240139987222,success,5,
533,9.944791670817816,success,4,
534,9.77930264153816,success,4,
535,10.227566606111747,success,4,
536,10.165865961883165,success,4,
537,9.576903027398467,success,4,
538,8.752785471240582,success,5,
539,10.906015673130954,success,4,
540,10.340503167691644,success,5,
541,8.799260916398682,success,5,
542,9.087684444276315,success,5,
543,9.909360839468986,success,4,
544,12.1476018723297,success,5,
545,10.33975875704666,success,4,
546,9.46391440216632,success,4,
547,8.420416756701604,success,5,
548,10.245154968982,success,5,
549,11.006779198176353,success,5,
550,9.441451918014659,success,5,
551,10.023373623827233,success,4,
552,8.534291611198494,success,5,
553,10.707232692874477,success,4,
554,10.574610004288626,success,5,
555,9.80766881769474,success,5,
556,9.262364289833895,success,5,
557,10.050198441598559,success,5,
558,10.568478116122193,success,5,
559,9.574381495329758,success,5,
560,9.892179028504945,success,5,
561,11.053814272409282,success,5,
562,10.158756137966533,success,5,
563,9.999320063575913,success,4,
564,10.038204390206959,success,4,
565,9.820001700793163,success,4,
566,9.60891517444175,success,5,
567,9.926196105093636,success,4,
568,11.665867765501,success,5,
569,10.325111545905338,success,5,
570,9.95024981525134,success,4,
571,10.894548038156834,success,5,
572,9.67617468031761,success,4,
573,11.672753647874117,success,5,
574,7.489255659056909,success,5,
575,10.057205922658381,success,4,
576,9.81031549956987,success,5,
577,11.123038179027196,success,5,
578,10.84406401698828,success,5,
579,10.716921847465306,success,5,
580,10.667066218084454,success,4,
581,7.816536167427422,success,5,
582,10.543854557319847,success,4,
583,10.002490770066665,success,5,
584,8.870934665417519,success,5,
585,9.534355000531976,success,5,
586,10.007617308243175,success,4,
587,11.094946549927782,success,5,
588,10.833589368017105,success,4,
589,10.353201423041533,success,4,
590,10.94275302471578,success,5,
591,10.989394208830252,success,4,
592,8.081506526321746,success,5,
593,10.07803588383339,success,5,
594,9.537246884387079,success,5,
595,9.731961711157483,success,5,
596,10.636436304471257,success,5,
597,12.383465754125432,success,5,
598,10.223484126587001,success,4,
599,9.816402000481432,success,4,
600,10.071566951153551,success,4,
601,9.392675457744103,success,4,
602,11.603677882356934,success,4,
603,9.473627616495445,success,5,
604,9.368818504195831,success,5,
605,10.658076296131402,success,5,
606,9.397147062521897,success,5,
607,9.948871323290888,success,4,
608,8.483355303854566,success,5,
609,9.466402963099332,success,5,
610,10.415380047957909,success,5,
611,9.608401055325213,success,4,
612,10.157776091194107,success,5,
613,10.390547764749035,success,4,
614,11.94529355023141,success,5,
615,9.73009185308012,success,4,
616,10.887402299742483,success,5,
617,9.085297478931686,success,5,
618,9.403154533291602,success,5,
619,11.950803909079463,success,5,
620,10.08930770645285,success,5,
621,8.449831464616084,success,5,
622,10.926876930577281,success,5,
623,9.209718866605161,success,5,
624,10.454270145180537,success,4,
625,10.540949589023636,success,5,
626,10.808504644220195,success,5,
627,9.401451865647358,success,4,
628,9.50219818196861,success,5,
629,12.411789596674511,success,5,
630,10.83483660907447,success,5,
631,10.231812125789332,success,4,
632,9.64098365815241,success,4,
633,8.758988063280874,success,5,
634,11.632288373091773,success,4,
635,9.707838408485546,success,5,
636,10.587507614409265,success,5,
637,10.070709177073567,success,5,
638,10.94390105310661,success,4,
639,10.049369641953804,success,4,
640,8.392808087918025,success,5,
641,9.780383370551322,success,5,
642,9.64434049937536,success,5,
643,10.82994688128743,success,5,
644,9.655017294593671,success,5,
645,10.75503671060988,success,4,
646,8.22185072037252,success,5,
647,10.026297535466371,success,4,
648,9.954775330544729,success,4,
649,9.953778335946375,success,4,
650,9.690010925764382,success,5,
651,9.190231366015453,success,5,
652,10.701580835211566,success,5,
653,10.049536489449654,success,4,
654,9.220607715719018,success,4,
655,10.464790407732343,success,4,
656,10.828190516935269,success,5,
657,11.75729339128739,success,5,
658,10.150539160554048,success,4,
659,9.293352042621,success,5,
660,9.358546249830956,success,4,
661,9.536118699290668,success,4,
662,11.922050821270025,success,5,
663,11.495249088428938,success,5,
664,9.866253343874797,success,5,
665,10.706265263417631,success,5,
666,9.571506118107884,success,5,
667,9.582458425465152,success,5,
668,9.131082412074539,success,4,
669,11.536405389640553,success,5,
670,10.266619049776185,success,4,
671,12.038691328170115,success,5,
672,11.445029933892918,success,5,
673,9.016237287083047,success,5,
674,10.992291644230429,success,4,
675,10.165065201733816,success,5,
676,10.61192073161802,success,4,
677,10.892391133018807,success,4,
678,9.949208421502595,success,5,
679,9.446754810575483,success,5,
680,10.268869988085546,success,4,
681,11.122392082265787,success,5,
682,11.122931916667277,success,4,
683,10.292652479327447,success,4,
684,10.569940467703198,success,4,
685,10.621944283741339,success,5,
686,8.892754194239737,success,4,
687,10.54212325969146,success,4,
688,9.544611589817544,success,5,
689,10.082936561304226,success,4,
690,9.1604688684412,success,5,
691,11.197815327852027,success,5,
692,10.971623401120722,success,5,
693,9.838861941675342,success,5,
694,8.712832831710761,success,5,
695,10.290805217901902,success,5,
696,12.237326642850075,success,5,
697,11.028483938859535,success,5,
698,10.618846983075782,success,4,
699,11.67888545137476,success,5,
700,8.92387773848996,success,5,
701,8.663816404812135,success,5,
702,10.49740174086408,success,5,
703,9.87617378403221,success,5,
704,10.181743958035366,success,4,
705,9.434127813452815,success,5,
706,10.710839157476105,success,4,
707,9.732958146160392,success,5,
708,12.677462936741795,success,5,
709,10.952391948652005,success,4,
710,10.811693393486847,success,4,
711,11.949653412962666,success,5,
712,11.879575542584245,success,5,
713,9.3246273207534,success,5,
714,11.371845126579046,success,5,
715,9.458644685961135,success,5,
716,9.36886910016302,success,5,
717,11.200446055907832,success,4,
718,9.3223830033076,success,5,
719,10.307559679510984,success,4,
720,9.804569475095807,success,5,
721,10.594225220013904,success,4,
722,10.58247323509715,success,4,
723,9.262855792332221,success,5,
724,9.656460966028263,success,4,
725,10.297897406087667,success,4,
726,11.995150153352803,success,5,
727,11.406514812066252,success,5,
728,11.133250943409038,success,5,
729,9.350259528052792,success,5,
730,10.725020462373255,success,5,
731,10.833866324158809,success,5,
732,11.387957142034802,success,5,
733,10.401520147422177,success,5,
734,10.04248667527338,success,4,
735,9.294873071006299,success,5,
736,11.539934645775134,success,5,
737,11.474069091722155,success,4,
738,10.14942724881789,success,4,
739,10.401840933287678,success,4,
740,10.17211514321812,success,4,
741,13.005829683060691,success,5,
742,10.629604685453785,success,5,
743,10.580667540541711,success,5,
744,10.095963914221722,success,5,
745,11.25309670487229,success,4,
746,11.295713813248794,success,5,
747,10.481634063748576,success,4,
748,9.495693672484741,success,4,
749,9.053316679329908,success,5,
750,10.422213755379302,success,4,
751,9.240452404746513,success,5,
752,9.541163370465002,success,4,
753,11.162396297262516,success,5,
754,10.501755269438398,success,5,
755,11.413154613373841,success,4,
756,8.971100914464646,success,4,
757,10.651952751945881,success,4,
758,9.573955670246551,success,5,
759,9.567395318683817,success,4,
760,10.967981380466773,success,4,
761,9.126659726862075,success,5,
762,9.768078319807245,success,5,
763,9.800293801465628,success,4,
764,10.678573574481238,success,5,
765,10.539853507738062,success,5,
766,9.654708266232058,success,5,
767,12.184960427268571,success,5,
768,9.017114620120063,success,4,
769,11.416852506957545,success,5,
770,11.168887150827272,success,4,
771,11.023333524275762,success,5,
772,10.100149982270565,success,4,
773,9.509866658147931,success,4,
774,9.913208173835704,success,4,
775,9.54371886764239,success,4,
776,9.73083535714274,success,4,
777,9.356437020431047,success,5,
778,10.779699509549031,success,5,
779,9.830023396008327,success,5,
780,10.00779678537098,success,4,
781,10.0478064532076,success,5,
782,10.309218919445192,success,5,
783,12.143439467029543,success,5,
784,9.403125355434778,success,5,
785,10.788649498646214,success,4,
786,8.795075161572171,success,5,
787,11.04014396248578,success,4,
788,8.939910402023273,success,4,
789,8.920953263294406,success,5,
790,9.963439438775042,success,5,
791,9.26029427806279,success,5,
792,11.145565607670191,success,4,
793,10.125272801442106,success,4,
794,9.521574495338415,success,4,
795,8.856445303476482,success,4,
796,9.497639075674668,success,5,
797,10.09736452873151,success,5,
798,10.938394359529324,success,5,
799,10.161568208869612,success,4,
800,11.706633842737238,success,5,
801,9.971721937575742,success,5,
802,8.840064516753696,success,5,
803,10.74474946544759,success,4,
804,9.63601213326524,success,5,
805,10.515863165591439,success,4,
806,10.707883937462583,success,5,
807,8.800061113756845,success,4,
808,8.871796802857657,success,5,
809,12.439198656213001,success,5,
810,11.64385020188077,success,5,
811,9.316330517819035,success,5,
812,9.398557503717663,success,5,
813,12.382140666448569,success,5,
814,9.62090278597242,success,5,
815,9.411677227571056,success,5,
816,11.2405445322613,success,5,
817,9.153102989122198,success,4,
818,8.096056818082543,success,5,
819,8.661476834657728,success,5,
820,10.793733218726612,success,4,
821,10.661025548749164,success,5,
822,8.15013298988293,success,5,
823,9.975937853662915,success,4,
824,11.119226825135701,success,4,
825,11.696777972254903,success,5,
826,9.95552533423071,success,5,
827,10.103704018771761,success,4,
828,11.548567507450121,success,5,
829,10.253641837976131,success,5,
830,11.058654300339697,success,5,
831,8.863326504936193,success,5,
832,10.780757461899283,success,4,
833,11.324808450258653,success,5,
834,10.126839081899368,success,4,
835,10.30481336353082,success,5,
836,10.546532600132094,success,5,
837,10.386342095697174,success,5,
838,10.289934277974012,success,4,
839,12.167129869963622,success,5,
840,9.550797967255226,success,5,
841,9.541145849547581,success,4,
842,8.431090579509942,success,4,
843,10.427271304196864,success,5,
844,9.641862707565743,success,5,
845,10.496322516893812,success,4,
846,10.180291784953866,success,4,
847,10.289069015294107,success,5,
848,9.705771977278333,success,4,
849,8.847272496886562,success,5,
850,9.327751192159214,success,4,
851,8.77107199117774,success,4,
852,9.297929916520964,success,5,
853,10.559746222450942,success,4,
854,10.171691101382605,success,4,
855,9.876174194416539,success,4,
856,12.039945885812838,success,5,
857,10.543107557183886,success,4,
858,10.335322164571988,success,5,
859,9.665245181214688,success,4,
860,9.060147279843886,success,5,
861,9.977998725748101,success,4,
862,9.436476823210969,success,5,
863,9.488138838868254,success,4,
864,9.858654778386748,success,4,
865,10.857323123707378,success,5,
866,9.412186099822161,success,5,
867,11.275510765483341,success,5,
868,8.877361890352232,success,4,
869,10.36914017300879,success,5,
870,10.553686099597467,success,5,
871,10.509747223617794,success,5,
872,10.603048602918875,success,4,
873,9.164728365586377,success,5,
874,10.10352553185955,success,4,
875,8.482177866618978,success,5,
876,9.748804637747435,success,4,
877,10.831984392001331,success,5,
878,9.821550431772126,success,4,
879,11.862472983746969,success,5,
880,9.583816568137248,success,5,
881,9.664350594073264,success,4,
882,11.433717130787779,success,5,
883,11.724341020155146,success,5,
884,10.472343677327187,success,4,
885,10.43637235927098,success,4,
886,10.119322207323007,success,4,
887,9.897146048249358,success,5,
888,9.96946413836474,success,5,
889,9.5638453477351,success,5,
890,10.514823459749449,success,4,
891,11.119694017341184,success,5,
892,10.354058095758173,success,5,
893,10.221739222009557,success,5,
894,10.825751218635677,success,5,
895,11.635067500002163,success,5,
896,12.506797042617876,success,5,
897,9.394965385287481,success,5,
898,9.541355435243608,success,5,
899,10.467654572364633,success,4,
900,11.31045475048165,success,5,
901,10.650414167848668,success,4,
902,11.656237323558177,success,4,
903,10.098761655100528,success,4,
904,11.379999506221274,success,5,
905,11.099106227161252,success,5,
906,9.684803205146691,success,5,
907,10.516332446697131,success,5,
908,10.573660413395748,success,4,
909,8.446587369459142,success,5,
910,9.865805888533005,success,5,
911,9.288701787229753,success,5,
912,9.07364749468515,success,4,
913,10.823281053531993,success,5,
914,9.163401691596306,success,4,
915,9.91150867815157,success,4,
916,10.3602443746349,success,4,
917,11.218563853557013,success,4,
918,10.918036262404645,success,5,
919,10.21823538648927,success,4,
920,10.787547203079871,success,4,
921,11.799102623522614,success,5,
922,10.750244050396557,success,4,
923,9.798889796403484,success,5,
924,9.552351770195633,success,4,
925,10.143807088201042,success,5,
926,10.431737380798248,success,4,
927,9.872624394491107,success,5,
928,9.993284785481185,success,4,
929,9.647738857696377,success,4,
930,9.307125813538063,success,5,
931,10.469354607924025,success,4,
932,9.412339483173426,success,5,
933,9.053208860421385,success,4,
934,10.062817367509561,success,5,
935,9.46778303695527,success,5,
936,10.706581240732543,success,5,
937,10.267204006435898,success,4,
938,9.977728089306604,success,5,
939,10.573399723368144,success,5,
940,9.351119438316047,success,5,
941,9.030495734976114,success,4,
942,11.6009880751758,success,4,
943,10.43660660874277,success,5,
944,9.759320679076067,success,5,
945,9.597505948402866,success,5,
946,8.626165218771463,success,5,
947,9.373730144359067,success,5,
948,10.103575059727,success,5,
949,8.590236109472597,success,5,
950,9.502086833726807,success,5,
951,9.708328501319759,success,5,
952,11.328634471251396,success,5,
953,9.900797331112802,success,4,
954,10.354350092386133,success,4,
955,8.28906271743376,success,5,
956,10.517316449141504,success,4,
957,11.05293081689854,success,5,
958,9.734063002328824,success,4,
959,10.227230676081438,success,5,
960,11.148487385322454,success,4,
961,10.36769452488834,success,4,
962,11.134584570204636,success,5,
963,10.69316588161869,success,5,
964,10.253382349915926,success,5,
965,9.476232470699587,success,4,
966,11.681046076287048,success,5,
967,9.15444672767506,success,5,
968,10.082045227608386,success,4,
969,8.912773116889948,success,5,
970,9.90895034526805,success,5,
971,9.951656434670088,success,5,
972,11.29781384224267,success,5,
973,10.987313030835603,success,4,
974,8.87767715025111,success,4,
975,9.934459617203942,success,5,
976,10.462811608903912,success,5,
977,8.946143959080297,success,5,
978,12.1725104814315,success,5,
979,10.68618161548458,success,5,
980,10.273240127823444,success,5,
981,10.572065006039313,success,5,
982,9.929775499759952,success,5,
983,8.065450492130546,success,5,
984,10.339004558705298,success,5,
985,9.565546190415079,success,4,
986,9.538578404769792,success,5,
987,10.404273808482897,success,5,
988,9.566239556681031,success,4,
989,8.910953732014406,success,4,
990,9.340856546847569,success,5,
991,9.244627185278945,success,4,
992,8.774819666345842,success,5,
993,11.346406288663955,success,5,
994,11.196415562661663,success,4,
995,10.009260541114426,success,5,
996,10.443718542874414,success,4,
997,9.528854230612334,success,5,
998,9.709256637353485,success,5,
999,12.232134302121562,success,5,
1000,10.384442500934437,success,5,
