snr_db,signed_A_res_hz,abs_A_res_hz,trial_index,seed,decoded_success,decoded_message,reported_snr,reported_drift,reported_frequency,runtime_seconds
-30.0,0.25,0.25,1,2026100201,1,K1ABC FN42 33,-29,0,10.140200,0.2812524230002964
-30.0,0.25,0.25,2,2026100202,1,K1ABC FN42 33,-31,0,10.140200,0.28722538000056375
-30.0,0.25,0.25,0,2026100200,1,K1ABC FN42 33,-30,0,10.140200,0.2980790680003338
-30.0,0.25,0.25,3,2026100203,1,K1ABC FN42 33,-30,0,10.140200,0.31963309999991907
-30.0,0.25,0.25,5,2026100205,1,K1ABC FN42 33,-29,0,10.140200,0.2557299790005345
-30.0,0.25,0.25,4,2026100204,1,K1ABC FN42 33,-30,0,10.140200,0.28980580500046926
-30.0,0.25,0.25,7,2026100207,1,K1ABC FN42 33,-29,0,10.140200,0.25538733399935154
-30.0,0.25,0.25,6,2026100206,1,K1ABC FN42 33,-30,0,10.140200,0.29272803500043665
-30.0,0.25,0.25,8,2026100208,1,K1ABC FN42 33,-30,0,10.140200,0.05296650000036607
-30.0,0.25,0.25,10,2026100210,1,K1ABC FN42 33,-29,0,10.140200,0.05764266400001361
-30.0,0.25,0.25,11,2026100211,1,K1ABC FN42 33,-30,0,10.140200,0.05284407299950544
-30.0,0.25,0.25,12,2026100212,1,K1ABC FN42 33,-30,0,10.140200,0.05523412200000166
-30.0,0.25,0.25,15,2026100215,1,K1ABC FN42 33,-30,0,10.140200,0.05557845499970426
-30.0,0.25,0.25,16,2026100216,1,K1ABC FN42 33,-29,0,10.140200,0.05034379700009595
-30.0,0.25,0.25,9,2026100209,1,K1ABC FN42 33,-29,0,10.140200,0.266437365999991
-30.0,0.25,0.25,14,2026100214,1,K1ABC FN42 33,-30,0,10.140200,0.2444501500003753
-30.0,0.25,0.25,17,2026100217,1,K1ABC FN42 33,-30,0,10.140200,0.2937457940006425
-30.0,0.25,0.25,20,2026100220,1,K1ABC FN42 33,-29,0,10.140200,0.06595539699992514
-30.0,0.25,0.25,19,2026100219,1,K1ABC FN42 33,-30,0,10.140200,0.26156034100040415
-30.0,0.25,0.25,13,2026100213,0,,,,,0.5392288760003794
-30.0,0.25,0.25,21,2026100221,1,K1ABC FN42 33,-30,0,10.140200,0.07208513399928052
-30.0,0.25,0.25,22,2026100222,1,K1ABC FN42 33,-30,0,10.140200,0.09115866100000858
-30.0,0.25,0.25,24,2026100224,1,K1ABC FN42 33,-29,0,10.140200,0.0632000790001257
-30.0,0.25,0.25,23,2026100223,1,K1ABC FN42 33,-30,0,10.140200,0.09340428900031839
-30.0,0.25,0.25,27,2026100227,1,K1ABC FN42 33,-30,0,10.140200,0.05036150199975964
-30.0,0.25,0.25,25,2026100225,1,K1ABC FN42 33,-30,0,10.140200,0.08667276300002413
-30.0,0.25,0.25,28,2026100228,1,K1ABC FN42 33,-29,0,10.140200,0.05350397400070506
-30.0,0.25,0.25,18,2026100218,0,,,,,0.5721911269993143
-30.0,0.25,0.25,29,2026100229,1,K1ABC FN42 33,-30,0,10.140200,0.08726529700015817
-30.0,0.25,0.25,31,2026100231,1,K1ABC FN42 33,-30,0,10.140200,0.053819509999812
-30.0,0.25,0.25,32,2026100232,1,K1ABC FN42 33,-29,0,10.140200,0.05515330599973822
-30.0,0.25,0.25,34,2026100234,1,K1ABC FN42 33,-29,0,10.140200,0.07682429000033153
-30.0,0.25,0.25,33,2026100233,1,K1ABC FN42 33,-30,0,10.140200,0.111287892999826
-30.0,0.25,0.25,35,2026100235,1,K1ABC FN42 33,-29,0,10.140200,0.05561487099930673
-30.0,0.25,0.25,30,2026100230,1,K1ABC FN42 33,-30,0,10.140200,0.2523177989996839
-30.0,0.25,0.25,26,2026100226,0,,,,,0.5344994389997737
-30.0,0.25,0.25,36,2026100236,1,K1ABC FN42 33,-30,0,10.140200,0.23203638500035595
-30.0,0.25,0.25,39,2026100239,1,K1ABC FN42 33,-30,0,10.140200,0.0459568180003771
-30.0,0.25,0.25,40,2026100240,1,K1ABC FN42 33,-30,0,10.140200,0.051102745000207506
-30.0,0.25,0.25,38,2026100238,1,K1ABC FN42 33,-29,0,10.140200,0.24985378699966532
-30.0,0.25,0.25,37,2026100237,1,K1ABC FN42 33,-30,0,10.140200,0.2839245599998321
-30.0,0.25,0.25,41,2026100241,1,K1ABC FN42 33,-30,0,10.140200,0.06140352799957327
-30.0,0.25,0.25,43,2026100243,1,K1ABC FN42 33,-30,0,10.140200,0.07495534900044731
-30.0,0.25,0.25,46,2026100246,1,K1ABC FN42 33,-29,0,10.140200,0.07257638499959285
-30.0,0.25,0.25,47,2026100247,1,K1ABC FN42 33,-30,0,10.140200,0.06832280999969953
-30.0,0.25,0.25,42,2026100242,1,K1ABC FN42 33,-30,0,10.140200,0.24821655599953374
-30.0,0.25,0.25,48,2026100248,1,K1ABC FN42 33,-29,0,10.140200,0.06238573100017675
-30.0,0.25,0.25,44,2026100244,1,K1ABC FN42 33,-29,0,10.140200,0.28599364399997285
-30.0,0.25,0.25,50,2026100250,1,K1ABC FN42 33,-28,0,10.140200,0.05945474100008141
-30.0,0.25,0.25,45,2026100245,1,K1ABC FN42 33,-29,0,10.140200,0.3855683700003283
-30.0,0.25,0.25,52,2026100252,1,K1ABC FN42 33,-30,0,10.140200,0.07327110500045819
-30.0,0.25,0.25,54,2026100254,1,K1ABC FN42 33,-30,0,10.140200,0.05791193299955921
-30.0,0.25,0.25,49,2026100249,1,K1ABC FN42 33,-31,0,10.140200,0.28405852100058837
-30.0,0.25,0.25,51,2026100251,1,K1ABC FN42 33,-30,0,10.140200,0.2425097850000384
-30.0,0.25,0.25,55,2026100255,1,K1ABC FN42 33,-30,0,10.140200,0.27166672900057165
-30.0,0.25,0.25,56,2026100256,1,K1ABC FN42 33,-30,0,10.140200,0.26712429399958637
-30.0,0.25,0.25,53,2026100253,1,K1ABC FN42 33,-30,0,10.140200,0.3814025069996205
-30.0,0.25,0.25,57,2026100257,1,K1ABC FN42 33,-30,0,10.140200,0.27716158900057053
-30.0,0.25,0.25,58,2026100258,1,K1ABC FN42 33,-29,0,10.140200,0.0862407369995708
-30.0,0.25,0.25,60,2026100260,1,K1ABC FN42 33,-30,0,10.140200,0.09767326200017123
-30.0,0.25,0.25,61,2026100261,1,K1ABC FN42 33,-30,0,10.140200,0.2636472669992145
-30.0,0.25,0.25,62,2026100262,1,K1ABC FN42 33,-30,0,10.140200,0.2539599179999641
-30.0,0.25,0.25,65,2026100265,1,K1ABC FN42 33,-30,0,10.140200,0.15925993000018934
-30.0,0.25,0.25,64,2026100264,1,K1ABC FN42 33,-30,0,10.140200,0.1662346749999415
-30.0,0.25,0.25,59,2026100259,0,,,,,0.5001622660001885
-30.0,0.25,0.25,66,2026100266,1,K1ABC FN42 33,-29,0,10.140200,0.048798433000229124
-30.0,0.25,0.25,68,2026100268,1,K1ABC FN42 33,-29,0,10.140200,0.06319552399963868
-30.0,0.25,0.25,63,2026100263,0,,,,,0.5077930750003361
-30.0,0.25,0.25,69,2026100269,1,K1ABC FN42 33,-30,0,10.140200,0.23040682999999262
-30.0,0.25,0.25,70,2026100270,1,K1ABC FN42 33,-30,0,10.140200,0.21648733199981507
-30.0,0.25,0.25,67,2026100267,0,,,,,0.4881228539998119
-30.0,0.25,0.25,72,2026100272,1,K1ABC FN42 33,-29,0,10.140200,0.232471952999731
-30.0,0.25,0.25,74,2026100274,1,K1ABC FN42 33,-30,0,10.140200,0.050135819999923115
-30.0,0.25,0.25,73,2026100273,1,K1ABC FN42 33,-30,0,10.140200,0.25098033900030714
-30.0,0.25,0.25,77,2026100277,1,K1ABC FN42 33,-29,0,10.140200,0.0440860189992236
-30.0,0.25,0.25,76,2026100276,1,K1ABC FN42 33,-30,0,10.140200,0.07466693100013799
-30.0,0.25,0.25,71,2026100271,0,,,,,0.49846943499960616
-30.0,0.25,0.25,75,2026100275,1,K1ABC FN42 33,-30,0,10.140200,0.1450992390000465
-30.0,0.25,0.25,80,2026100280,1,K1ABC FN42 33,-29,0,10.140200,0.04762916799973027
-30.0,0.25,0.25,81,2026100281,1,K1ABC FN42 33,-30,0,10.140200,0.2445457229996464
-30.0,0.25,0.25,82,2026100282,1,K1ABC FN42 33,-30,0,10.140200,0.231962470000326
-30.0,0.25,0.25,78,2026100278,1,K1ABC FN42 33,-30,0,10.140200,0.3375707790000888
-30.0,0.25,0.25,83,2026100283,1,K1ABC FN42 33,-30,0,10.140200,0.06102095599999302
-30.0,0.25,0.25,86,2026100286,1,K1ABC FN42 33,-30,0,10.140200,0.06111591200078692
-30.0,0.25,0.25,85,2026100285,1,K1ABC FN42 33,-30,0,10.140200,0.1563613409998652
-30.0,0.25,0.25,79,2026100279,0,,,,,0.508699171000444
-30.0,0.25,0.25,89,2026100289,1,K1ABC FN42 33,-31,0,10.140200,0.057280713000182004
-30.0,0.25,0.25,84,2026100284,1,K1ABC FN42 33,-29,0,10.140200,0.2757379320000837
-30.0,0.25,0.25,90,2026100290,1,K1ABC FN42 33,-30,0,10.140200,0.06631991900030698
-30.0,0.25,0.25,87,2026100287,1,K1ABC FN42 33,-30,0,10.140200,0.261826760999611
-30.0,0.25,0.25,88,2026100288,1,K1ABC FN42 33,-30,0,10.140200,0.2343523660001665
-30.0,0.25,0.25,93,2026100293,1,K1ABC FN42 33,-29,0,10.140200,0.07205563700063067
-30.0,0.25,0.25,95,2026100295,1,K1ABC FN42 33,-29,0,10.140200,0.07534541800032457
-30.0,0.25,0.25,91,2026100291,1,K1ABC FN42 33,-31,0,10.140200,0.26077614499990887
-30.0,0.25,0.25,96,2026100296,1,K1ABC FN42 33,-29,0,10.140200,0.04139812399989751
-30.0,0.25,0.25,98,2026100298,1,K1ABC FN42 33,-29,0,10.140200,0.04625142900022183
-30.0,0.25,0.25,94,2026100294,1,K1ABC FN42 33,-31,0,10.140200,0.24725529900024412
-30.0,0.25,0.25,97,2026100297,1,K1ABC FN42 33,-30,0,10.140200,0.25089030700019066
-30.0,0.25,0.25,92,2026100292,0,,,,,0.5137804369996957
-30.0,0.25,0.25,99,2026100299,1,K1ABC FN42 33,-30,0,10.140200,0.290361436999774
-30.0,-0.25,0.25,0,2026100200,1,K1ABC FN42 33,-30,0,10.140200,0.2626463269998567
-30.0,-0.25,0.25,4,2026100204,1,K1ABC FN42 33,-29,0,10.140200,0.05764265800007706
-30.0,-0.25,0.25,2,2026100202,1,K1ABC FN42 33,-30,0,10.140200,0.2572376150001219
-30.0,-0.25,0.25,3,2026100203,1,K1ABC FN42 33,-29,0,10.140200,0.26865074500074115
-30.0,-0.25,0.25,1,2026100201,1,K1ABC FN42 33,-30,0,10.140200,0.376861927000391
-30.0,-0.25,0.25,8,2026100208,1,K1ABC FN42 33,-30,0,10.140200,0.057446092000645876
-30.0,-0.25,0.25,5,2026100205,1,K1ABC FN42 33,-30,0,10.140200,0.2625305790006678
-30.0,-0.25,0.25,7,2026100207,1,K1ABC FN42 33,-30,0,10.140200,0.26012507700033893
-30.0,-0.25,0.25,6,2026100206,1,K1ABC FN42 33,-30,0,10.140200,0.373817247000261
-30.0,-0.25,0.25,11,2026100211,1,K1ABC FN42 33,-30,0,10.140200,0.06020247600008588
-30.0,-0.25,0.25,9,2026100209,1,K1ABC FN42 33,-30,0,10.140200,0.2554172749996724
-30.0,-0.25,0.25,10,2026100210,1,K1ABC FN42 33,-30,0,10.140200,0.2574353689997224
-30.0,-0.25,0.25,14,2026100214,1,K1ABC FN42 33,-30,0,10.140200,0.0608042950007075
-30.0,-0.25,0.25,15,2026100215,1,K1ABC FN42 33,-30,0,10.140200,0.0567635480001627
-30.0,-0.25,0.25,12,2026100212,1,K1ABC FN42 33,-30,0,10.140200,0.2695021089994043
-30.0,-0.25,0.25,16,2026100216,1,K1ABC FN42 33,-30,0,10.140200,0.24310476200025732
-30.0,-0.25,0.25,19,2026100219,1,K1ABC FN42 33,-29,0,10.140200,0.05910553000012442
-30.0,-0.25,0.25,17,2026100217,1,K1ABC FN42 33,-30,0,10.140200,0.29021177000049647
-30.0,-0.25,0.25,20,2026100220,1,K1ABC FN42 33,-29,0,10.140200,0.056083460999616364
-30.0,-0.25,0.25,21,2026100221,1,K1ABC FN42 33,-30,0,10.140200,0.053656177000448224
-30.0,-0.25,0.25,22,2026100222,1,K1ABC FN42 33,-30,0,10.140200,0.061415954000040074
-30.0,-0.25,0.25,23,2026100223,1,K1ABC FN42 33,-30,0,10.140200,0.07747326499975316
-30.0,-0.25,0.25,18,2026100218,1,K1ABC FN42 33,-29,0,10.140200,0.2478281829999105
-30.0,-0.25,0.25,13,2026100213,0,,,,,0.5211134959999981
-30.0,-0.25,0.25,26,2026100226,1,K1ABC FN42 33,-30,0,10.140200,0.050353630000245175
-30.0,-0.25,0.25,27,2026100227,1,K1ABC FN42 33,-31,0,10.140200,0.04738270500001818
-30.0,-0.25,0.25,25,2026100225,1,K1ABC FN42 33,-30,0,10.140200,0.06033767400003853
-30.0,-0.25,0.25,24,2026100224,1,K1ABC FN42 33,-29,0,10.140200,0.09646987599990098
-30.0,-0.25,0.25,31,2026100231,1,K1ABC FN42 33,-30,0,10.140200,0.04542637200029276
-30.0,-0.25,0.25,29,2026100229,1,K1ABC FN42 33,-30,0,10.140200,0.07030630499957624
-30.0,-0.25,0.25,32,2026100232,1,K1ABC FN42 33,-30,0,10.140200,0.16131991099973675
-30.0,-0.25,0.25,30,2026100230,1,K1ABC FN42 33,-30,0,10.140200,0.27520777199970325
-30.0,-0.25,0.25,35,2026100235,1,K1ABC FN42 33,-30,0,10.140200,0.09813386000041646
-30.0,-0.25,0.25,34,2026100234,1,K1ABC FN42 33,-30,0,10.140200,0.24401685599968914
-30.0,-0.25,0.25,36,2026100236,1,K1ABC FN42 33,-31,0,10.140200,0.09662828899945453
-30.0,-0.25,0.25,37,2026100237,1,K1ABC FN42 33,-29,0,10.140200,0.046649904000332754
-30.0,-0.25,0.25,28,2026100228,0,,,,,0.5212793950004198
-30.0,-0.25,0.25,39,2026100239,1,K1ABC FN42 33,-30,0,10.140200,0.04708773399943311
-30.0,-0.25,0.25,40,2026100240,1,K1ABC FN42 33,-29,0,10.140200,0.05110192600022856
-30.0,-0.25,0.25,33,2026100233,0,,,,,0.49917950599956384
-30.0,-0.25,0.25,41,2026100241,1,K1ABC FN42 33,-30,0,10.140200,0.05838145899997471
-30.0,-0.25,0.25,42,2026100242,1,K1ABC FN42 33,-30,0,10.140200,0.08054969899967546
-30.0,-0.25,0.25,43,2026100243,1,K1ABC FN42 33,-29,0,10.140200,0.08578338600000279
-30.0,-0.25,0.25,45,2026100245,1,K1ABC FN42 33,-29,0,10.140200,0.04541084399988904
-30.0,-0.25,0.25,38,2026100238,1,K1ABC FN42 33,-29,0,10.140200,0.2508903790003387
-30.0,-0.25,0.25,47,2026100247,1,K1ABC FN42 33,-31,0,10.140200,0.26304489399990416
-30.0,-0.25,0.25,49,2026100249,1,K1ABC FN42 33,-31,0,10.140200,0.058660794000388705
-30.0,-0.25,0.25,48,2026100248,1,K1ABC FN42 33,-30,0,10.140200,0.31934086799992656
-30.0,-0.25,0.25,50,2026100250,1,K1ABC FN42 33,-29,0,10.140200,0.05633553500047128
-30.0,-0.25,0.25,52,2026100252,1,K1ABC FN42 33,-31,0,10.140200,0.05058022499997605
-30.0,-0.25,0.25,51,2026100251,1,K1ABC FN42 33,-30,0,10.140200,0.0805668559996775
-30.0,-0.25,0.25,44,2026100244,0,,,,,0.5289476739999373
-30.0,-0.25,0.25,53,2026100253,1,K1ABC FN42 33,-30,0,10.140200,0.05056619300012244
-30.0,-0.25,0.25,46,2026100246,0,,,,,0.5251438909999706
-30.0,-0.25,0.25,54,2026100254,1,K1ABC FN42 33,-30,0,10.140200,0.06061164700076915
-30.0,-0.25,0.25,56,2026100256,1,K1ABC FN42 33,-29,0,10.140200,0.04116541799976403
-30.0,-0.25,0.25,57,2026100257,1,K1ABC FN42 33,-30,0,10.140200,0.05025316000046587
-30.0,-0.25,0.25,60,2026100260,1,K1ABC FN42 33,-30,0,10.140200,0.04917259500052751
-30.0,-0.25,0.25,58,2026100258,1,K1ABC FN42 33,-29,0,10.140200,0.27024765700025455
-30.0,-0.25,0.25,61,2026100261,1,K1ABC FN42 33,-30,0,10.140200,0.2635630980003043
-30.0,-0.25,0.25,63,2026100263,1,K1ABC FN42 33,-30,0,10.140200,0.057728087000214146
-30.0,-0.25,0.25,55,2026100255,0,,,,,0.4985644319995117
-30.0,-0.25,0.25,62,2026100262,1,K1ABC FN42 33,-30,0,10.140200,0.23451011100041796
-30.0,-0.25,0.25,65,2026100265,1,K1ABC FN42 33,-29,0,10.140200,0.04384908700012602
-30.0,-0.25,0.25,59,2026100259,0,,,,,0.48504609600058757
-30.0,-0.25,0.25,66,2026100266,1,K1ABC FN42 33,-29,0,10.140200,0.05263537599967094
-30.0,-0.25,0.25,68,2026100268,1,K1ABC FN42 33,-29,0,10.140200,0.051556115000494174
-30.0,-0.25,0.25,69,2026100269,1,K1ABC FN42 33,-29,0,10.140200,0.0541230019998693
-30.0,-0.25,0.25,70,2026100270,1,K1ABC FN42 33,-30,0,10.140200,0.04575671099973988
-30.0,-0.25,0.25,64,2026100264,1,K1ABC FN42 33,-30,0,10.140200,0.33009545000004437
-30.0,-0.25,0.25,67,2026100267,1,K1ABC FN42 33,-30,0,10.140200,0.2759285809997891
-30.0,-0.25,0.25,72,2026100272,1,K1ABC FN42 33,-29,0,10.140200,0.26959931700002926
-30.0,-0.25,0.25,75,2026100275,1,K1ABC FN42 33,-29,0,10.140200,0.05098870700021507
-30.0,-0.25,0.25,73,2026100273,1,K1ABC FN42 33,-29,0,10.140200,0.24514154699954815
-30.0,-0.25,0.25,74,2026100274,1,K1ABC FN42 33,-31,0,10.140200,0.3318174580008417
-30.0,-0.25,0.25,71,2026100271,0,,,,,0.5106542020002962
-30.0,-0.25,0.25,77,2026100277,1,K1ABC FN42 33,-30,0,10.140200,0.2510028920005425
-30.0,-0.25,0.25,80,2026100280,1,K1ABC FN42 33,-30,0,10.140200,0.06863086399971507
-30.0,-0.25,0.25,78,2026100278,1,K1ABC FN42 33,-30,0,10.140200,0.24895101400034036
-30.0,-0.25,0.25,79,2026100279,1,K1ABC FN42 33,-31,0,10.140200,0.2683444940003028
-30.0,-0.25,0.25,83,2026100283,1,K1ABC FN42 33,-30,0,10.140200,0.054702567999811436
-30.0,-0.25,0.25,76,2026100276,0,,,,,0.5180111910003689
-30.0,-0.25,0.25,85,2026100285,1,K1ABC FN42 33,-30,0,10.140200,0.05514596300054109
-30.0,-0.25,0.25,82,2026100282,1,K1ABC FN42 33,-30,0,10.140200,0.16325293099998817
-30.0,-0.25,0.25,81,2026100281,1,K1ABC FN42 33,-30,0,10.140200,0.23055130900047516
-30.0,-0.25,0.25,86,2026100286,1,K1ABC FN42 33,-30,0,10.140200,0.075382888000604
-30.0,-0.25,0.25,84,2026100284,1,K1ABC FN42 33,-29,0,10.140200,0.23771706100069423
-30.0,-0.25,0.25,87,2026100287,1,K1ABC FN42 33,-29,0,10.140200,0.23756814299940743
-30.0,-0.25,0.25,88,2026100288,1,K1ABC FN42 33,-30,0,10.140200,0.22662819200013473
-30.0,-0.25,0.25,89,2026100289,1,K1ABC FN42 33,-31,0,10.140200,0.24017559200001415
-30.0,-0.25,0.25,90,2026100290,1,K1ABC FN42 33,-30,0,10.140200,0.17002742099975876
-30.0,-0.25,0.25,94,2026100294,1,K1ABC FN42 33,-30,0,10.140200,0.10362175999944157
-30.0,-0.25,0.25,95,2026100295,1,K1ABC FN42 33,-29,0,10.140200,0.0444870669998636
-30.0,-0.25,0.25,92,2026100292,1,K1ABC FN42 33,-30,0,10.140200,0.27336816400020325
-30.0,-0.25,0.25,96,2026100296,1,K1ABC FN42 33,-29,0,10.140200,0.13453994500014232
-30.0,-0.25,0.25,97,2026100297,1,K1ABC FN42 33,-29,0,10.140200,0.17020144000071014
-30.0,-0.25,0.25,91,2026100291,0,,,,,0.5139467810004135
-30.0,-0.25,0.25,93,2026100293,0,,,,,0.5151014960001703
-30.0,-0.25,0.25,98,2026100298,1,K1ABC FN42 33,-30,0,10.140200,0.2612001679999594
-30.0,-0.25,0.25,99,2026100299,1,K1ABC FN42 33,-31,0,10.140200,0.2832841869994809
-30.0,0.5,0.5,0,2026100200,0,,,,,0.521750068000074
-30.0,0.5,0.5,1,2026100201,0,,,,,0.5280602570001065
-30.0,0.5,0.5,4,2026100204,1,K1ABC FN42 33,-29,0,10.140200,0.07596638899940444
-30.0,0.5,0.5,2,2026100202,0,,,,,0.5298580720000245
-30.0,0.5,0.5,3,2026100203,0,,,,,0.5272033930004909
-30.0,0.5,0.5,5,2026100205,0,,,,,0.49877610900057334
-30.0,0.5,0.5,6,2026100206,0,,,,,0.5173989140002959
-30.0,0.5,0.5,8,2026100208,0,,,,,0.3945078420001664
-30.0,0.5,0.5,7,2026100207,0,,,,,0.5103685320000295
-30.0,0.5,0.5,11,2026100211,1,K1ABC FN42 33,-30,0,10.140200,0.049424388999796065
-30.0,0.5,0.5,9,2026100209,0,,,,,0.4141045669994128
-30.0,0.5,0.5,12,2026100212,0,,,,,0.43770284700076445
-30.0,0.5,0.5,10,2026100210,0,,,,,0.5032189419998758
-30.0,0.5,0.5,13,2026100213,0,,,,,0.5057716040000741
-30.0,0.5,0.5,15,2026100215,0,,,,,0.4268142999999327
-30.0,0.5,0.5,14,2026100214,0,,,,,0.525057654000193
-30.0,0.5,0.5,16,2026100216,0,,,,,0.4452177980001579
-30.0,0.5,0.5,19,2026100219,1,K1ABC FN42 33,-29,0,10.140200,0.04851176900046994
-30.0,0.5,0.5,18,2026100218,1,K1ABC FN42 33,-29,0,10.140200,0.056405364999591256
-30.0,0.5,0.5,22,2026100222,1,K1ABC FN42 33,-30,0,10.140200,0.05973147100030474
-30.0,0.5,0.5,17,2026100217,0,,,,,0.489686650999829
-30.0,0.5,0.5,23,2026100223,1,K1ABC FN42 33,-30,0,10.140200,0.07547075999991648
-30.0,0.5,0.5,24,2026100224,1,K1ABC FN42 33,-29,0,10.140200,0.06469208100043033
-30.0,0.5,0.5,26,2026100226,1,K1ABC FN42 33,-30,0,10.140200,0.11202559299999848
-30.0,0.5,0.5,20,2026100220,0,,,,,0.5093801070006521
-30.0,0.5,0.5,21,2026100221,0,,,,,0.5082431249993533
-30.0,0.5,0.5,29,2026100229,1,K1ABC FN42 33,-30,0,10.140200,0.058856024999840884
-30.0,0.5,0.5,30,2026100230,1,K1ABC FN42 33,-30,0,10.140200,0.07262803899993742
-30.0,0.5,0.5,25,2026100225,0,,,,,0.5169211820002602
-30.0,0.5,0.5,28,2026100228,1,K1ABC FN42 33,-30,0,10.140200,0.27825273999951605
-30.0,0.5,0.5,27,2026100227,0,,,,,0.5086954580001475
-30.0,0.5,0.5,31,2026100231,1,K1ABC FN42 33,-30,0,10.140200,0.35744591200000286
-30.0,0.5,0.5,35,2026100235,1,K1ABC FN42 33,-29,0,10.140200,0.10662157600017963
-30.0,0.5,0.5,36,2026100236,1,K1ABC FN42 33,-30,0,10.140200,0.05071615399992879
-30.0,0.5,0.5,32,2026100232,0,,,,,0.5435790430001362
-30.0,0.5,0.5,33,2026100233,0,,,,,0.5274952469999334
-30.0,0.5,0.5,34,2026100234,0,,,,,0.5209006400000362
-30.0,0.5,0.5,40,2026100240,1,K1ABC FN42 33,-30,0,10.140200,0.05264813200028584
-30.0,0.5,0.5,39,2026100239,1,K1ABC FN42 33,-30,0,10.140200,0.14888497700030712
-30.0,0.5,0.5,41,2026100241,1,K1ABC FN42 33,-30,0,10.140200,0.09220753899990086
-30.0,0.5,0.5,42,2026100242,1,K1ABC FN42 33,-30,0,10.140200,0.06730236899966258
-30.0,0.5,0.5,43,2026100243,1,K1ABC FN42 33,-30,0,10.140200,0.09131008999975165
-30.0,0.5,0.5,44,2026100244,1,K1ABC FN42 33,-30,0,10.140200,0.1190971919995718
-30.0,0.5,0.5,37,2026100237,0,,,,,0.5699998059999416
-30.0,0.5,0.5,38,2026100238,0,,,,,0.5656256239999493
-30.0,0.5,0.5,47,2026100247,1,K1ABC FN42 33,-30,0,10.140200,0.05358450499988976
-30.0,0.5,0.5,49,2026100249,1,K1ABC FN42 33,-30,0,10.140200,0.07052975199985667
-30.0,0.5,0.5,45,2026100245,0,,,,,0.5532034220004789
-30.0,0.5,0.5,46,2026100246,0,,,,,0.529709849000028
-30.0,0.5,0.5,51,2026100251,1,K1ABC FN42 33,-30,0,10.140200,0.09820396800023445
-30.0,0.5,0.5,50,2026100250,0,,,,,0.4210748559999047
-30.0,0.5,0.5,48,2026100248,0,,,,,0.5307448980001936
-30.0,0.5,0.5,54,2026100254,1,K1ABC FN42 33,-30,0,10.140200,0.04769478399975924
-30.0,0.5,0.5,56,2026100256,1,K1ABC FN42 33,-30,0,10.140200,0.07688529000006383
-30.0,0.5,0.5,57,2026100257,1,K1ABC FN42 33,-30,0,10.140200,0.07717113600028824
-30.0,0.5,0.5,52,2026100252,0,,,,,0.5227457399996638
-30.0,0.5,0.5,53,2026100253,0,,,,,0.5166036889995667
-30.0,0.5,0.5,60,2026100260,1,K1ABC FN42 33,-30,0,10.140200,0.04999024700009613
-30.0,0.5,0.5,55,2026100255,0,,,,,0.5143956720003189
-30.0,0.5,0.5,61,2026100261,1,K1ABC FN42 33,-29,0,10.140200,0.041421389999413805
-30.0,0.5,0.5,63,2026100263,1,K1ABC FN42 33,-30,0,10.140200,0.04235699699984252
-30.0,0.5,0.5,58,2026100258,0,,,,,0.5054846359998919
-30.0,0.5,0.5,59,2026100259,0,,,,,0.509629668999878
-30.0,0.5,0.5,62,2026100262,0,,,,,0.5024208640006691
-30.0,0.5,0.5,64,2026100264,0,,,,,0.5038806600005046
-30.0,0.5,0.5,65,2026100265,0,,,,,0.49632944600034534
-30.0,0.5,0.5,66,2026100266,0,,,,,0.40487882500019623
-30.0,0.5,0.5,67,2026100267,0,,,,,0.5192330840000068
-30.0,0.5,0.5,68,2026100268,0,,,,,0.5178147369997532
-30.0,0.5,0.5,69,2026100269,0,,,,,0.5301078450002024
-30.0,0.5,0.5,70,2026100270,0,,,,,0.5114038120000259
-30.0,0.5,0.5,71,2026100271,0,,,,,0.525643381000009
-30.0,0.5,0.5,72,2026100272,0,,,,,0.510174046999964
-30.0,0.5,0.5,75,2026100275,1,K1ABC FN42 33,-30,0,10.140200,0.06096411300040927
-30.0,0.5,0.5,73,2026100273,0,,,,,0.5114552449995244
-30.0,0.5,0.5,74,2026100274,0,,,,,0.5097240339991913
-30.0,0.5,0.5,76,2026100276,0,,,,,0.49236041200038017
-30.0,0.5,0.5,77,2026100277,0,,,,,0.5078111779994288
-30.0,0.5,0.5,78,2026100278,0,,,,,0.5127174420003939
-30.0,0.5,0.5,82,2026100282,1,K1ABC FN42 33,-29,0,10.140200,0.04955329000040365
-30.0,0.5,0.5,79,2026100279,0,,,,,0.5156664470005126
-30.0,0.5,0.5,80,2026100280,0,,,,,0.5162405330002002
-30.0,0.5,0.5,81,2026100281,0,,,,,0.5205164700000751
-30.0,0.5,0.5,83,2026100283,0,,,,,0.416928972000278
-30.0,0.5,0.5,84,2026100284,0,,,,,0.507255774999976
-30.0,0.5,0.5,85,2026100285,0,,,,,0.41090351900038513
-30.0,0.5,0.5,86,2026100286,0,,,,,0.5028163179995317
-30.0,0.5,0.5,87,2026100287,0,,,,,0.5087617129993305
-30.0,0.5,0.5,88,2026100288,0,,,,,0.5065290219999952
-30.0,0.5,0.5,89,2026100289,0,,,,,0.5398276450005142
-30.0,0.5,0.5,92,2026100292,1,K1ABC FN42 33,-29,0,10.140200,0.2953589960006866
-30.0,0.5,0.5,90,2026100290,0,,,,,0.5229448410000259
-30.0,0.5,0.5,91,2026100291,0,,,,,0.5209259149996797
-30.0,0.5,0.5,94,2026100294,1,K1ABC FN42 33,-30,0,10.140200,0.11461279400009516
-30.0,0.5,0.5,96,2026100296,1,K1ABC FN42 33,-29,0,10.140200,0.04913265199957095
-30.0,0.5,0.5,93,2026100293,0,,,,,0.528450561999307
-30.0,0.5,0.5,98,2026100298,1,K1ABC FN42 33,-30,0,10.140200,0.30580740200002765
-30.0,0.5,0.5,97,2026100297,0,,,,,0.41790164700069
-30.0,0.5,0.5,95,2026100295,0,,,,,0.5353855550001754
-30.0,-0.5,0.5,2,2026100202,1,K1ABC FN42 33,-30,0,10.140200,0.09072245600054885
-30.0,-0.5,0.5,0,2026100200,0,,,,,0.506700152999656
-30.0,0.5,0.5,99,2026100299,0,,,,,0.5155431299999691
-30.0,-0.5,0.5,4,2026100204,1,K1ABC FN42 33,-30,0,10.140200,0.12271200400027737
-30.0,-0.5,0.5,1,2026100201,0,,,,,0.5232686580002337
-30.0,-0.5,0.5,3,2026100203,0,,,,,0.5017904450005517
-30.0,-0.5,0.5,5,2026100205,0,,,,,0.5308229379998011
-30.0,-0.5,0.5,6,2026100206,0,,,,,0.5280527289996826
-30.0,-0.5,0.5,7,2026100207,0,,,,,0.5340632249999544
-30.0,-0.5,0.5,9,2026100209,1,K1ABC FN42 33,-29,0,10.140200,0.17616869700032112
-30.0,-0.5,0.5,8,2026100208,0,,,,,0.5382333119996474
-30.0,-0.5,0.5,12,2026100212,1,K1ABC FN42 33,-29,0,10.140200,0.09248466299959546
-30.0,-0.5,0.5,14,2026100214,1,K1ABC FN42 33,-31,0,10.140200,0.05334575200049585
-30.0,-0.5,0.5,15,2026100215,0,,,,,0.050549287999274384
-30.0,-0.5,0.5,16,2026100216,1,K1ABC FN42 33,-30,0,10.140200,0.04804184600016015
-30.0,-0.5,0.5,10,2026100210,0,,,,,0.4995954960004383
-30.0,-0.5,0.5,11,2026100211,0,,,,,0.5037506969993046
-30.0,-0.5,0.5,13,2026100213,0,,,,,0.5119760069992481
-30.0,-0.5,0.5,19,2026100219,1,K1ABC FN42 33,-30,0,10.140200,0.1284848189998229
-30.0,-0.5,0.5,17,2026100217,0,,,,,0.5096909669991874
-30.0,-0.5,0.5,18,2026100218,0,,,,,0.5250661609998133
-30.0,-0.5,0.5,23,2026100223,1,K1ABC FN42 33,-30,0,10.140200,0.06756087099984143
-30.0,-0.5,0.5,20,2026100220,0,,,,,0.5224614249991646
-30.0,-0.5,0.5,21,2026100221,0,,,,,0.5280550360002962
-30.0,-0.5,0.5,26,2026100226,1,K1ABC FN42 33,-30,0,10.140200,0.06771113899958436
-30.0,-0.5,0.5,27,2026100227,1,K1ABC FN42 33,-31,0,10.140200,0.05426503899980162
-30.0,-0.5,0.5,22,2026100222,0,,,,,0.5633663910002724
-30.0,-0.5,0.5,29,2026100229,0,,,,,0.057422036999923876
-30.0,-0.5,0.5,24,2026100224,0,,,,,0.577972399999453
-30.0,-0.5,0.5,25,2026100225,0,,,,,0.5531810210004551
-30.0,-0.5,0.5,31,2026100231,1,K1ABC FN42 33,-30,0,10.140200,0.06438303200047812
-30.0,-0.5,0.5,28,2026100228,0,,,,,0.5541893560002791
-30.0,-0.5,0.5,30,2026100230,0,,,,,0.5334608659995865
-30.0,-0.5,0.5,32,2026100232,0,,,,,0.5045674430002691
-30.0,-0.5,0.5,35,2026100235,1,K1ABC FN42 33,-29,0,10.140200,0.2507868860002418
-30.0,-0.5,0.5,33,2026100233,0,,,,,0.505034579000494
-30.0,-0.5,0.5,37,2026100237,1,K1ABC FN42 33,-29,0,10.140200,0.04790224099997431
-30.0,-0.5,0.5,34,2026100234,0,,,,,0.49946090199955506
-30.0,-0.5,0.5,40,2026100240,1,K1ABC FN42 33,-30,0,10.140200,0.03983904399956373
-30.0,-0.5,0.5,39,2026100239,0,,,,,0.40464558900021075
-30.0,-0.5,0.5,36,2026100236,0,,,,,0.5073846349996529
-30.0,-0.5,0.5,38,2026100238,0,,,,,0.5262992669995583
-30.0,-0.5,0.5,44,2026100244,1,K1ABC FN42 33,-30,0,10.140200,0.09061700199981715
-30.0,-0.5,0.5,41,2026100241,0,,,,,0.5040222560000984
-30.0,-0.5,0.5,43,2026100243,0,,,,,0.4091732349997983
-30.0,-0.5,0.5,42,2026100242,0,,,,,0.527103225999781
-30.0,-0.5,0.5,45,2026100245,0,,,,,0.35875695100003213
-30.0,-0.5,0.5,46,2026100246,0,,,,,0.5122998939996251
-30.0,-0.5,0.5,49,2026100249,1,K1ABC FN42 33,-30,0,10.140200,0.26034704399990005
-30.0,-0.5,0.5,50,2026100250,1,K1ABC FN42 33,-29,0,10.140200,0.09350362599980144
-30.0,-0.5,0.5,52,2026100252,1,K1ABC FN42 33,-30,0,10.140200,0.048556546999861894
-30.0,-0.5,0.5,53,2026100253,1,K1ABC FN42 33,-30,0,10.140200,0.045889424000051804
-30.0,-0.5,0.5,47,2026100247,0,,,,,0.5069755599997734
-30.0,-0.5,0.5,54,2026100254,1,K1ABC FN42 33,-30,0,10.140200,0.04500566299975617
-30.0,-0.5,0.5,48,2026100248,0,,,,,0.5313471540002865
-30.0,-0.5,0.5,51,2026100251,0,,,,,0.49965798500034
-30.0,-0.5,0.5,56,2026100256,0,,,,,0.5038533779998033
-30.0,-0.5,0.5,55,2026100255,0,,,,,0.5203472170005625
-30.0,-0.5,0.5,60,2026100260,1,K1ABC FN42 33,-31,0,10.140200,0.10153480499957368
-30.0,-0.5,0.5,57,2026100257,0,,,,,0.5107684670001618
-30.0,-0.5,0.5,58,2026100258,0,,,,,0.5145426849994692
-30.0,-0.5,0.5,59,2026100259,0,,,,,0.4100930819995483
-30.0,-0.5,0.5,62,2026100262,0,,,,,0.5099172970003565
-30.0,-0.5,0.5,61,2026100261,0,,,,,0.5403983389996938
-30.0,-0.5,0.5,64,2026100264,1,K1ABC FN42 33,-29,0,10.140200,0.24780121799994959
-30.0,-0.5,0.5,65,2026100265,1,K1ABC FN42 33,-29,0,10.140200,0.04118648499934352
-30.0,-0.5,0.5,63,2026100263,0,,,,,0.5234019259996785
-30.0,-0.5,0.5,66,2026100266,0,,,,,0.39714917999936006
-30.0,-0.5,0.5,70,2026100270,1,K1ABC FN42 33,-29,0,10.140200,0.06820607300051051
-30.0,-0.5,0.5,67,2026100267,0,,,,,0.4908025139993697
-30.0,-0.5,0.5,68,2026100268,0,,,,,0.5222070320005514
-30.0,-0.5,0.5,71,2026100271,1,K1ABC FN42 33,-29,0,10.140200,0.19477238399940688
-30.0,-0.5,0.5,74,2026100274,1,K1ABC FN42 33,-30,0,10.140200,0.05170155100040574
-30.0,-0.5,0.5,69,2026100269,0,,,,,0.4947645329993975
-30.0,-0.5,0.5,75,2026100275,1,K1ABC FN42 33,-30,0,10.140200,0.22650564599916834
-30.0,-0.5,0.5,76,2026100276,1,K1ABC FN42 33,-29,0,10.140200,0.24299443400013843
-30.0,-0.5,0.5,72,2026100272,0,,,,,0.5586271430001943
-30.0,-0.5,0.5,73,2026100273,0,,,,,0.5414070200004062
-30.0,-0.5,0.5,77,2026100277,0,,,,,0.5243321850002758
-30.0,-0.5,0.5,78,2026100278,0,,,,,0.5130748080000558
-30.0,-0.5,0.5,80,2026100280,0,,,,,0.5076795300001322
-30.0,-0.5,0.5,79,2026100279,0,,,,,0.5296251130002929
-30.0,-0.5,0.5,83,2026100283,1,K1ABC FN42 33,-30,0,10.140200,0.043508335999831615
-30.0,-0.5,0.5,84,2026100284,1,K1ABC FN42 33,-29,0,10.140200,0.15481374499995582
-30.0,-0.5,0.5,81,2026100281,0,,,,,0.49875110100038
-30.0,-0.5,0.5,82,2026100282,0,,,,,0.5208799319998434
-30.0,-0.5,0.5,85,2026100285,0,,,,,0.4216215749993353
-30.0,-0.5,0.5,89,2026100289,1,K1ABC FN42 33,-30,0,10.140200,0.045480914000108896
-30.0,-0.5,0.5,86,2026100286,0,,,,,0.4948766159996012
-30.0,-0.5,0.5,90,2026100290,1,K1ABC FN42 33,-30,0,10.140200,0.19880491099956998
-30.0,-0.5,0.5,92,2026100292,1,K1ABC FN42 33,-30,0,10.140200,0.060506676999466436
-30.0,-0.5,0.5,87,2026100287,0,,,,,0.5187752370002272
-30.0,-0.5,0.5,88,2026100288,0,,,,,0.5209028179997404
-30.0,-0.5,0.5,91,2026100291,0,,,,,0.5192606269993121
-30.0,-0.5,0.5,96,2026100296,1,K1ABC FN42 33,-29,0,10.140200,0.0469470280004316
-30.0,-0.5,0.5,93,2026100293,0,,,,,0.5069436670000869
-30.0,-0.5,0.5,97,2026100297,1,K1ABC FN42 33,-29,0,10.140200,0.062413775000095484
-30.0,-0.5,0.5,98,2026100298,1,K1ABC FN42 33,-29,0,10.140200,0.043990205000227434
-30.0,-0.5,0.5,94,2026100294,0,,,,,0.48878202400010196
-30.0,-0.5,0.5,95,2026100295,0,,,,,0.49895955200008757
-30.5,0.25,0.25,0,2026110200,1,K1ABC FN42 33,-30,0,10.140200,0.3518535299999712
-30.5,0.25,0.25,2,2026110202,1,K1ABC FN42 33,-30,0,10.140200,0.27896439300002385
-30.0,-0.5,0.5,99,2026100299,0,,,,,0.507743254000161
-30.5,0.25,0.25,1,2026110201,0,,,,,0.44425194499945064
-30.5,0.25,0.25,4,2026110204,1,K1ABC FN42 33,-31,0,10.140200,0.2393863870001951
-30.5,0.25,0.25,5,2026110205,1,K1ABC FN42 33,-30,0,10.140200,0.24172712400013552
-30.5,0.25,0.25,3,2026110203,0,,,,,0.5207657310002105
-30.5,0.25,0.25,6,2026110206,1,K1ABC FN42 33,-31,0,10.140200,0.37408848100039904
-30.5,0.25,0.25,7,2026110207,1,K1ABC FN42 33,-30,0,10.140200,0.2574846690004051
-30.5,0.25,0.25,10,2026110210,1,K1ABC FN42 33,-30,0,10.140200,0.23116946000027383
-30.5,0.25,0.25,8,2026110208,0,,,,,0.5297871399998257
-30.5,0.25,0.25,12,2026110212,1,K1ABC FN42 33,-30,0,10.140200,0.24723114900007204
-30.5,0.25,0.25,9,2026110209,0,,,,,0.5218459269999585
-30.5,0.25,0.25,13,2026110213,1,K1ABC FN42 33,-32,0,10.140200,0.15339846599999873
-30.5,0.25,0.25,11,2026110211,0,,,,,0.5111687010003152
-30.5,0.25,0.25,16,2026110216,1,K1ABC FN42 33,-29,0,10.140200,0.17254932600008033
-30.5,0.25,0.25,14,2026110214,1,K1ABC FN42 33,-30,0,10.140200,0.2563680530001875
-30.5,0.25,0.25,19,2026110219,1,K1ABC FN42 33,-30,0,10.140200,0.06019099700006336
-30.5,0.25,0.25,17,2026110217,1,K1ABC FN42 33,-30,0,10.140200,0.2802988749999713
-30.5,0.25,0.25,15,2026110215,1,K1ABC FN42 33,-31,0,10.140200,0.3584910520003177
-30.5,0.25,0.25,20,2026110220,1,K1ABC FN42 33,-30,0,10.140200,0.10992257799989602
-30.5,0.25,0.25,22,2026110222,1,K1ABC FN42 33,-30,0,10.140200,0.08079818299938779
-30.5,0.25,0.25,18,2026110218,1,K1ABC FN42 33,-30,0,10.140200,0.3346272859998862
-30.5,0.25,0.25,21,2026110221,1,K1ABC FN42 33,-29,0,10.140200,0.32749876500020036
-30.5,0.25,0.25,24,2026110224,1,K1ABC FN42 33,-30,0,10.140200,0.227476055999432
-30.5,0.25,0.25,25,2026110225,1,K1ABC FN42 33,-31,0,10.140200,0.24191758500001015
-30.5,0.25,0.25,23,2026110223,0,,,,,0.4229198840002937
-30.5,0.25,0.25,29,2026110229,1,K1ABC FN42 33,-31,0,10.140200,0.047410692000084964
-30.5,0.25,0.25,26,2026110226,1,K1ABC FN42 33,-31,0,10.140200,0.25643870100066124
-30.5,0.25,0.25,27,2026110227,1,K1ABC FN42 33,-31,0,10.140200,0.2831979710008454
-30.5,0.25,0.25,31,2026110231,1,K1ABC FN42 33,-31,0,10.140200,0.23507603800044308
-30.5,0.25,0.25,32,2026110232,1,K1ABC FN42 33,-31,0,10.140200,0.23080230699997628
-30.5,0.25,0.25,28,2026110228,0,,,,,0.5080209219995595
-30.5,0.25,0.25,30,2026110230,0,,,,,0.5241606090003188
-30.5,0.25,0.25,36,2026110236,1,K1ABC FN42 33,-30,0,10.140200,0.12888012399980653
-30.5,0.25,0.25,33,2026110233,0,,,,,0.4976230319998649
-30.5,0.25,0.25,34,2026110234,0,,,,,0.49941802400007873
-30.5,0.25,0.25,37,2026110237,1,K1ABC FN42 33,-31,0,10.140200,0.22452171399982035
-30.5,0.25,0.25,35,2026110235,0,,,,,0.4991697750001549
-30.5,0.25,0.25,38,2026110238,1,K1ABC FN42 33,-30,0,10.140200,0.24306384500050626
-30.5,0.25,0.25,39,2026110239,1,K1ABC FN42 33,-30,0,10.140200,0.2432116390000374
-30.5,0.25,0.25,42,2026110242,1,K1ABC FN42 33,-31,0,10.140200,0.07863299800010282
-30.5,0.25,0.25,40,2026110240,1,K1ABC FN42 33,-32,0,10.140200,0.2519282339999336
-30.5,0.25,0.25,45,2026110245,1,K1ABC FN42 33,-30,0,10.140200,0.08595372299987503
-30.5,0.25,0.25,46,2026110246,1,K1ABC FN42 33,-29,0,10.140200,0.07178748699971038
-30.5,0.25,0.25,43,2026110243,1,K1ABC FN42 33,-30,0,10.140200,0.24228847500035045
-30.5,0.25,0.25,44,2026110244,1,K1ABC FN42 33,-31,0,10.140200,0.2962821929995698
-30.5,0.25,0.25,48,2026110248,1,K1ABC FN42 33,-29,0,10.140200,0.06434439500026201
-30.5,0.25,0.25,41,2026110241,0,,,,,0.5073140289996445
-30.5,0.25,0.25,50,2026110250,1,K1ABC FN42 33,-30,0,10.140200,0.2336406940003144
-30.5,0.25,0.25,49,2026110249,1,K1ABC FN42 33,-30,0,10.140200,0.28236052300053416
-30.5,0.25,0.25,47,2026110247,0,,,,,0.5143859180006984
-30.5,0.25,0.25,53,2026110253,1,K1ABC FN42 33,-32,0,10.140200,0.1707570910002687
-30.5,0.25,0.25,55,2026110255,1,K1ABC FN42 33,-30,0,10.140200,0.07373604700023861
-30.5,0.25,0.25,51,2026110251,0,,,,,0.5158696439993946
-30.5,0.25,0.25,52,2026110252,0,,,,,0.4164046309997502
-30.5,0.25,0.25,56,2026110256,1,K1ABC FN42 33,-30,0,10.140200,0.3099075680001988
-30.5,0.25,0.25,54,2026110254,0,,,,,0.4967838489992573
-30.5,0.25,0.25,57,2026110257,0,,,,,0.4193843650000417
-30.5,0.25,0.25,59,2026110259,1,K1ABC FN42 33,-30,0,10.140200,0.24258969600032287
-30.5,0.25,0.25,58,2026110258,0,,,,,0.5144123780000882
-30.5,0.25,0.25,61,2026110261,1,K1ABC FN42 33,-31,0,10.140200,0.22588494999945397
-30.5,0.25,0.25,63,2026110263,1,K1ABC FN42 33,-30,0,10.140200,0.23549714500040864
-30.5,0.25,0.25,60,2026110260,0,,,,,0.4994379950003349
-30.5,0.25,0.25,64,2026110264,1,K1ABC FN42 33,-31,0,10.140200,0.25302676699993754
-30.5,0.25,0.25,62,2026110262,0,,,,,0.5227891169997747
-30.5,0.25,0.25,65,2026110265,1,K1ABC FN42 33,-30,0,10.140200,0.2384476879997237
-30.5,0.25,0.25,67,2026110267,1,K1ABC FN42 33,-30,0,10.140200,0.2500042179999582
-30.5,0.25,0.25,66,2026110266,1,K1ABC FN42 33,-31,0,10.140200,0.27027419400019426
-30.5,0.25,0.25,69,2026110269,0,,,,,0.13225378100014495
-30.5,0.25,0.25,71,2026110271,1,K1ABC FN42 33,-30,0,10.140200,0.07063228199967853
-30.5,0.25,0.25,73,2026110273,1,K1ABC FN42 33,-30,0,10.140200,0.054432676999567775
-30.5,0.25,0.25,74,2026110274,1,K1ABC FN42 33,-30,0,10.140200,0.04428251100034686
-30.5,0.25,0.25,72,2026110272,1,K1ABC FN42 33,-31,0,10.140200,0.23960691900083475
-30.5,0.25,0.25,68,2026110268,0,,,,,0.5171662519996971
-30.5,0.25,0.25,77,2026110277,1,K1ABC FN42 33,-31,0,10.140200,0.04489463300069474
-30.5,0.25,0.25,70,2026110270,0,,,,,0.5108794830002807
-30.5,0.25,0.25,78,2026110278,1,K1ABC FN42 33,-30,0,10.140200,0.05343334000008326
-30.5,0.25,0.25,76,2026110276,1,K1ABC FN42 33,-31,0,10.140200,0.2437408850000793
-30.5,0.25,0.25,80,2026110280,1,K1ABC FN42 33,-31,0,10.140200,0.0453661559995453
-30.5,0.25,0.25,81,2026110281,1,K1ABC FN42 33,-30,0,10.140200,0.079365281999344
-30.5,0.25,0.25,83,2026110283,1,K1ABC FN42 33,-29,0,10.140200,0.04823660199963342
-30.5,0.25,0.25,75,2026110275,0,,,,,0.5366729749994192
-30.5,0.25,0.25,79,2026110279,1,K1ABC FN42 33,-31,0,10.140200,0.2678879630002484
-30.5,0.25,0.25,82,2026110282,1,K1ABC FN42 33,-31,0,10.140200,0.32679810599984194
-30.5,0.25,0.25,87,2026110287,1,K1ABC FN42 33,-30,0,10.140200,0.0430776209996111
-30.5,0.25,0.25,84,2026110284,1,K1ABC FN42 33,-30,0,10.140200,0.24442808899948432
-30.5,0.25,0.25,85,2026110285,1,K1ABC FN42 33,-30,0,10.140200,0.2522213720003492
-30.5,0.25,0.25,86,2026110286,1,K1ABC FN42 33,-29,0,10.140200,0.21872912000071665
-30.5,0.25,0.25,89,2026110289,1,K1ABC FN42 33,-30,0,10.140200,0.251075268999557
-30.5,0.25,0.25,88,2026110288,1,K1ABC FN42 33,-30,0,10.140200,0.2763379240004724
-30.5,0.25,0.25,91,2026110291,1,K1ABC FN42 33,-30,0,10.140200,0.36951411300015025
-30.5,0.25,0.25,94,2026110294,1,K1ABC FN42 33,-30,0,10.140200,0.0683186360001855
-30.5,0.25,0.25,90,2026110290,0,,,,,0.5198346990000573
-30.5,0.25,0.25,93,2026110293,1,K1ABC FN42 33,-30,0,10.140200,0.29380712900001527
-30.5,0.25,0.25,95,2026110295,1,K1ABC FN42 33,-30,0,10.140200,0.18801908100067521
-30.5,0.25,0.25,98,2026110298,1,K1ABC FN42 33,-30,0,10.140200,0.055910275999849546
-30.5,0.25,0.25,92,2026110292,0,,,,,0.5268289180003194
-30.5,0.25,0.25,99,2026110299,1,K1ABC FN42 33,-30,0,10.140200,0.07459544500034099
-30.5,0.25,0.25,96,2026110296,0,,,,,0.5166108690000328
-30.5,0.25,0.25,97,2026110297,0,,,,,0.5501513059998615
-30.5,-0.25,0.25,1,2026110201,1,K1ABC FN42 33,-30,0,10.140200,0.329631722999693
-30.5,-0.25,0.25,0,2026110200,0,,,,,0.5027741690000767
-30.5,-0.25,0.25,2,2026110202,1,K1ABC FN42 33,-30,0,10.140200,0.2544428359997255
-30.5,-0.25,0.25,4,2026110204,1,K1ABC FN42 33,-30,0,10.140200,0.2461446090001118
-30.5,-0.25,0.25,3,2026110203,1,K1ABC FN42 33,-30,0,10.140200,0.3228103560004456
-30.5,-0.25,0.25,5,2026110205,1,K1ABC FN42 33,-31,0,10.140200,0.26495726099983585
-30.5,-0.25,0.25,6,2026110206,0,,,,,0.5283752360001017
-30.5,-0.25,0.25,7,2026110207,0,,,,,0.5260157069997149
-30.5,-0.25,0.25,8,2026110208,0,,,,,0.5323775279994152
-30.5,-0.25,0.25,9,2026110209,0,,,,,0.5321218109993424
-30.5,-0.25,0.25,11,2026110211,1,K1ABC FN42 33,-31,0,10.140200,0.2365598760006833
-30.5,-0.25,0.25,10,2026110210,1,K1ABC FN42 33,-30,0,10.140200,0.33398211100029584
-30.5,-0.25,0.25,14,2026110214,1,K1ABC FN42 33,-30,0,10.140200,0.05958421100058331
-30.5,-0.25,0.25,12,2026110212,1,K1ABC FN42 33,-31,0,10.140200,0.25751270999990084
-30.5,-0.25,0.25,13,2026110213,1,K1ABC FN42 33,-32,0,10.140200,0.2415486249992682
-30.5,-0.25,0.25,16,2026110216,1,K1ABC FN42 33,-30,0,10.140200,0.23008109100010188
-30.5,-0.25,0.25,19,2026110219,1,K1ABC FN42 33,-31,0,10.140200,0.14010375599991676
-30.5,-0.25,0.25,18,2026110218,1,K1ABC FN42 33,-29,0,10.140200,0.31823440399966785
-30.5,-0.25,0.25,15,2026110215,0,,,,,0.5234323730001051
-30.5,-0.25,0.25,17,2026110217,0,,,,,0.5160706599999685
-30.5,-0.25,0.25,20,2026110220,1,K1ABC FN42 33,-30,0,10.140200,0.16854915099975187
-30.5,-0.25,0.25,24,2026110224,1,K1ABC FN42 33,-30,0,10.140200,0.10727751899958093
-30.5,-0.25,0.25,23,2026110223,1,K1ABC FN42 33,-30,0,10.140200,0.23975178500040784
-30.5,-0.25,0.25,25,2026110225,1,K1ABC FN42 33,-31,0,10.140200,0.23171739499957766
-30.5,-0.25,0.25,21,2026110221,0,,,,,0.5191702809997878
-30.5,-0.25,0.25,26,2026110226,1,K1ABC FN42 33,-31,0,10.140200,0.24760254400007398
-30.5,-0.25,0.25,22,2026110222,0,,,,,0.5337199879995751
-30.5,-0.25,0.25,29,2026110229,1,K1ABC FN42 33,-30,0,10.140200,0.04915841199999704
-30.5,-0.25,0.25,30,2026110230,1,K1ABC FN42 33,-30,0,10.140200,0.044454592999500164
-30.5,-0.25,0.25,31,2026110231,1,K1ABC FN42 33,-30,0,10.140200,0.06836973800000123
-30.5,-0.25,0.25,28,2026110228,1,K1ABC FN42 33,-30,0,10.140200,0.3538504959997226
-30.5,-0.25,0.25,32,2026110232,1,K1ABC FN42 33,-30,0,10.140200,0.2437994029996844
-30.5,-0.25,0.25,34,2026110234,1,K1ABC FN42 33,-30,0,10.140200,0.044825813999523234
-30.5,-0.25,0.25,27,2026110227,0,,,,,0.5127143130002878
-30.5,-0.25,0.25,35,2026110235,1,K1ABC FN42 33,-30,0,10.140200,0.2610538919998362
-30.5,-0.25,0.25,36,2026110236,1,K1ABC FN42 33,-30,0,10.140200,0.2577383559992086
-30.5,-0.25,0.25,37,2026110237,1,K1ABC FN42 33,-31,0,10.140200,0.22314669699972
-30.5,-0.25,0.25,33,2026110233,0,,,,,0.5183586460007064
-30.5,-0.25,0.25,39,2026110239,1,K1ABC FN42 33,-30,0,10.140200,0.16349539499969978
-30.5,-0.25,0.25,40,2026110240,1,K1ABC FN42 33,-31,0,10.140200,0.21814134399937757
-30.5,-0.25,0.25,42,2026110242,1,K1ABC FN42 33,-30,0,10.140200,0.22288323399970977
-30.5,-0.25,0.25,38,2026110238,0,,,,,0.5151622659996065
-30.5,-0.25,0.25,45,2026110245,1,K1ABC FN42 33,-30,0,10.140200,0.05707754800005205
-30.5,-0.25,0.25,41,2026110241,0,,,,,0.5179548810001506
-30.5,-0.25,0.25,44,2026110244,1,K1ABC FN42 33,-31,0,10.140200,0.3809793560003527
-30.5,-0.25,0.25,43,2026110243,0,,,,,0.5279970740002682
-30.5,-0.25,0.25,47,2026110247,1,K1ABC FN42 33,-31,0,10.140200,0.2425503430004028
-30.5,-0.25,0.25,46,2026110246,1,K1ABC FN42 33,-30,0,10.140200,0.3534580340001412
-30.5,-0.25,0.25,49,2026110249,1,K1ABC FN42 33,-31,0,10.140200,0.27702869399945484
-30.5,-0.25,0.25,48,2026110248,0,,,,,0.5174671200002194
-30.5,-0.25,0.25,53,2026110253,1,K1ABC FN42 33,-31,0,10.140200,0.04856433999975707
-30.5,-0.25,0.25,50,2026110250,0,,,,,0.5261509359997945
-30.5,-0.25,0.25,55,2026110255,1,K1ABC FN42 33,-30,0,10.140200,0.04174254500048846
-30.5,-0.25,0.25,51,2026110251,0,,,,,0.4981065510000917
-30.5,-0.25,0.25,52,2026110252,0,,,,,0.48699432100056583
-30.5,-0.25,0.25,56,2026110256,1,K1ABC FN42 33,-31,0,10.140200,0.23402731899932405
-30.5,-0.25,0.25,54,2026110254,0,,,,,0.512520780000159
-30.5,-0.25,0.25,59,2026110259,1,K1ABC FN42 33,-30,0,10.140200,0.2704058019999138
-30.5,-0.25,0.25,57,2026110257,0,,,,,0.5115456459998313
-30.5,-0.25,0.25,58,2026110258,0,,,,,0.5210710149995066
-30.5,-0.25,0.25,60,2026110260,1,K1ABC FN42 33,-29,0,10.140200,0.34349044100054016
-30.5,-0.25,0.25,64,2026110264,1,K1ABC FN42 33,-30,0,10.140200,0.042142473999774666
-30.5,-0.25,0.25,63,2026110263,1,K1ABC FN42 33,-31,0,10.140200,0.22436674300024606
-30.5,-0.25,0.25,62,2026110262,0,,,,,0.41070855199996004
-30.5,-0.25,0.25,61,2026110261,0,,,,,0.5010286759998053
-30.5,-0.25,0.25,65,2026110265,1,K1ABC FN42 33,-30,0,10.140200,0.23657026199998654
-30.5,-0.25,0.25,66,2026110266,1,K1ABC FN42 33,-30,0,10.140200,0.23332810299962148
-30.5,-0.25,0.25,69,2026110269,1,K1ABC FN42 33,-31,0,10.140200,0.057718371999726514
-30.5,-0.25,0.25,67,2026110267,1,K1ABC FN42 33,-30,0,10.140200,0.25373781800044526
-30.5,-0.25,0.25,70,2026110270,1,K1ABC FN42 33,-31,0,10.140200,0.2397288190004474
-30.5,-0.25,0.25,71,2026110271,1,K1ABC FN42 33,-32,0,10.140200,0.2616263740001159
-30.5,-0.25,0.25,72,2026110272,1,K1ABC FN42 33,-30,0,10.140200,0.2675198069991893
-30.5,-0.25,0.25,68,2026110268,0,,,,,0.4837089410002591
-30.5,-0.25,0.25,73,2026110273,1,K1ABC FN42 33,-31,0,10.140200,0.2589941119995274
-30.5,-0.25,0.25,74,2026110274,1,K1ABC FN42 33,-31,0,10.140200,0.23170672400010517
-30.5,-0.25,0.25,76,2026110276,1,K1ABC FN42 33,-31,0,10.140200,0.2561731690002489
-30.5,-0.25,0.25,79,2026110279,1,K1ABC FN42 33,-30,0,10.140200,0.0823973409997052
-30.5,-0.25,0.25,77,2026110277,1,K1ABC FN42 33,-32,0,10.140200,0.2555483739997726
-30.5,-0.25,0.25,78,2026110278,1,K1ABC FN42 33,-30,0,10.140200,0.28554558099949645
-30.5,-0.25,0.25,75,2026110275,0,,,,,0.5091486309993343
-30.5,-0.25,0.25,81,2026110281,1,K1ABC FN42 33,-30,0,10.140200,0.08998063199942408
-30.5,-0.25,0.25,80,2026110280,1,K1ABC FN42 33,-32,0,10.140200,0.27261966099922574
-30.5,-0.25,0.25,82,2026110282,1,K1ABC FN42 33,-31,0,10.140200,0.24257153300004575
-30.5,-0.25,0.25,84,2026110284,1,K1ABC FN42 33,-31,0,10.140200,0.25103656400006
-30.5,-0.25,0.25,83,2026110283,1,K1ABC FN42 33,-30,0,10.140200,0.2925418009999703
-30.5,-0.25,0.25,86,2026110286,1,K1ABC FN42 33,-30,0,10.140200,0.23814655500063964
-30.5,-0.25,0.25,89,2026110289,1,K1ABC FN42 33,-30,0,10.140200,0.0849734499997794
-30.5,-0.25,0.25,87,2026110287,1,K1ABC FN42 33,-30,0,10.140200,0.28071435800029576
-30.5,-0.25,0.25,88,2026110288,1,K1ABC FN42 33,-30,0,10.140200,0.3019511170004989
-30.5,-0.25,0.25,92,2026110292,1,K1ABC FN42 33,-29,0,10.140200,0.04556815700016159
-30.5,-0.25,0.25,85,2026110285,0,,,,,0.5292010109997136
-30.5,-0.25,0.25,91,2026110291,1,K1ABC FN42 33,-30,0,10.140200,0.25764928799981135
-30.5,-0.25,0.25,95,2026110295,1,K1ABC FN42 33,-30,0,10.140200,0.050259747999916726
-30.5,-0.25,0.25,90,2026110290,1,K1ABC FN42 33,-31,0,10.140200,0.3786981780003771
-30.5,-0.25,0.25,94,2026110294,1,K1ABC FN42 33,-30,0,10.140200,0.24958969699946465
-30.5,-0.25,0.25,93,2026110293,0,,,,,0.5063853329993435
-30.5,-0.25,0.25,98,2026110298,1,K1ABC FN42 33,-31,0,10.140200,0.24024325299978955
-30.5,-0.25,0.25,96,2026110296,0,,,,,0.5512028079992888
-30.5,-0.25,0.25,97,2026110297,0,,,,,0.5192463929997757
-30.5,0.5,0.5,0,2026110200,0,,,,,0.5250663220003844
-30.5,-0.25,0.25,99,2026110299,0,,,,,0.5343670229995041
-30.5,0.5,0.5,2,2026110202,0,,,,,0.41350391800006037
-30.5,0.5,0.5,1,2026110201,0,,,,,0.5308416859998033
-30.5,0.5,0.5,4,2026110204,0,,,,,0.4357314620001489
-30.5,0.5,0.5,3,2026110203,0,,,,,0.5302550739997969
-30.5,0.5,0.5,5,2026110205,0,,,,,0.5144912550003937
-30.5,0.5,0.5,6,2026110206,0,,,,,0.5226076239996473
-30.5,0.5,0.5,7,2026110207,0,,,,,0.5335014299998875
-30.5,0.5,0.5,8,2026110208,0,,,,,0.5913018880000891
-30.5,0.5,0.5,9,2026110209,0,,,,,0.5415228940000816
-30.5,0.5,0.5,11,2026110211,1,K1ABC FN42 33,-30,0,10.140200,0.27751758900012646
-30.5,0.5,0.5,14,2026110214,1,K1ABC FN42 33,-31,0,10.140200,0.060331088000566524
-30.5,0.5,0.5,10,2026110210,0,,,,,0.5417883879999863
-30.5,0.5,0.5,12,2026110212,0,,,,,0.543710643999475
-30.5,0.5,0.5,13,2026110213,0,,,,,0.5445360879994041
-30.5,0.5,0.5,16,2026110216,0,,,,,0.5364190760001293
-30.5,0.5,0.5,15,2026110215,0,,,,,0.5456605770004899
-30.5,0.5,0.5,19,2026110219,0,,,,,0.04963440099982108
-30.5,0.5,0.5,17,2026110217,0,,,,,0.5314954400000715
-30.5,0.5,0.5,18,2026110218,0,,,,,0.527338564999809
-30.5,0.5,0.5,20,2026110220,0,,,,,0.4259413250001671
-30.5,0.5,0.5,21,2026110221,0,,,,,0.5294655190000412
-30.5,0.5,0.5,23,2026110223,1,K1ABC FN42 33,-30,0,10.140200,0.285276499000247
-30.5,0.5,0.5,22,2026110222,0,,,,,0.5344270999994478
-30.5,0.5,0.5,24,2026110224,0,,,,,0.5282003909997002
-30.5,0.5,0.5,25,2026110225,0,,,,,0.4407584409991614
-30.5,0.5,0.5,29,2026110229,1,K1ABC FN42 33,-30,0,10.140200,0.05999307399997633
-30.5,0.5,0.5,27,2026110227,1,K1ABC FN42 33,-30,0,10.140200,0.29770403300062753
-30.5,0.5,0.5,26,2026110226,0,,,,,0.539041857000484
-30.5,0.5,0.5,28,2026110228,0,,,,,0.5353790630006188
-30.5,0.5,0.5,30,2026110230,0,,,,,0.5358474539998497
-30.5,0.5,0.5,31,2026110231,0,,,,,0.5172350550001283
-30.5,0.5,0.5,32,2026110232,0,,,,,0.5236733490000915
-30.5,0.5,0.5,36,2026110236,0,,,,,0.03918064199933724
-30.5,0.5,0.5,33,2026110233,0,,,,,0.523959836999893
-30.5,0.5,0.5,37,2026110237,1,K1ABC FN42 33,-31,0,10.140200,0.2509436520003874
-30.5,0.5,0.5,39,2026110239,0,,,,,0.056488531000468356
-30.5,0.5,0.5,34,2026110234,0,,,,,0.5262708460004433
-30.5,0.5,0.5,35,2026110235,0,,,,,0.549179046000063
-30.5,0.5,0.5,38,2026110238,0,,,,,0.55534539799919
-30.5,0.5,0.5,40,2026110240,0,,,,,0.5202251069995327
-30.5,0.5,0.5,41,2026110241,0,,,,,0.5119585119991825
-30.5,0.5,0.5,42,2026110242,0,,,,,0.4978676210002959
-30.5,0.5,0.5,45,2026110245,1,K1ABC FN42 33,-31,0,10.140200,0.11513769999965007
-30.5,0.5,0.5,43,2026110243,0,,,,,0.49690595799984294
-30.5,0.5,0.5,44,2026110244,0,,,,,0.5234484859993245
-30.5,0.5,0.5,46,2026110246,0,,,,,0.5374011479998444
-30.5,0.5,0.5,47,2026110247,0,,,,,0.5182608610002717
-30.5,0.5,0.5,48,2026110248,0,,,,,0.5271048779995908
-30.5,0.5,0.5,52,2026110252,1,K1ABC FN42 33,-29,0,10.140200,0.05372488000011799
-30.5,0.5,0.5,49,2026110249,0,,,,,0.5419168490006996
-30.5,0.5,0.5,50,2026110250,0,,,,,0.45304426999973657
-30.5,0.5,0.5,51,2026110251,0,,,,,0.5534511380001277
-30.5,0.5,0.5,55,2026110255,0,,,,,0.44109156200011057
-30.5,0.5,0.5,53,2026110253,0,,,,,0.5451157770003192
-30.5,0.5,0.5,54,2026110254,0,,,,,0.5347374420007327
-30.5,0.5,0.5,56,2026110256,0,,,,,0.5256243260000701
-30.5,0.5,0.5,57,2026110257,0,,,,,0.5403371570000672
-30.5,0.5,0.5,58,2026110258,0,,,,,0.5286195480002789
-30.5,0.5,0.5,59,2026110259,0,,,,,0.5178299300005165
-30.5,0.5,0.5,60,2026110260,0,,,,,0.5327753389992722
-30.5,0.5,0.5,62,2026110262,0,,,,,0.4328913609997471
-30.5,0.5,0.5,61,2026110261,0,,,,,0.5532620909998514
-30.5,0.5,0.5,63,2026110263,0,,,,,0.5460315199998149
-30.5,0.5,0.5,64,2026110264,0,,,,,0.5340254520006056
-30.5,0.5,0.5,65,2026110265,0,,,,,0.5207419950002077
-30.5,0.5,0.5,67,2026110267,0,,,,,0.4247509299993908
-30.5,0.5,0.5,69,2026110269,0,,,,,0.052115902999503305
-30.5,0.5,0.5,66,2026110266,0,,,,,0.507344431999627
-30.5,0.5,0.5,71,2026110271,1,K1ABC FN42 33,-31,0,10.140200,0.05958942500001285
-30.5,0.5,0.5,68,2026110268,0,,,,,0.5037929849995635
-30.5,0.5,0.5,74,2026110274,1,K1ABC FN42 33,-30,0,10.140200,0.1772322790002363
-30.5,0.5,0.5,70,2026110270,0,,,,,0.5055348209998556
-30.5,0.5,0.5,72,2026110272,0,,,,,0.5187146600001142
-30.5,0.5,0.5,73,2026110273,0,,,,,0.5060412740003812
-30.5,0.5,0.5,75,2026110275,0,,,,,0.5219923009999548
-30.5,0.5,0.5,76,2026110276,0,,,,,0.518695869000112
-30.5,0.5,0.5,78,2026110278,0,,,,,0.5092192809997869
-30.5,0.5,0.5,77,2026110277,0,,,,,0.525209984999492
-30.5,0.5,0.5,81,2026110281,0,,,,,0.04046959599963884
-30.5,0.5,0.5,83,2026110283,1,K1ABC FN42 33,-30,0,10.140200,0.09857980899960239
-30.5,0.5,0.5,80,2026110280,1,K1ABC FN42 33,-32,0,10.140200,0.3184165419997953
-30.5,0.5,0.5,79,2026110279,0,,,,,0.5037036139992779
-30.5,0.5,0.5,86,2026110286,0,,,,,0.04794128899993666
-30.5,0.5,0.5,82,2026110282,0,,,,,0.5074807000000874
-30.5,0.5,0.5,84,2026110284,0,,,,,0.5098215660000278
-30.5,0.5,0.5,85,2026110285,0,,,,,0.5157709559998693
-30.5,0.5,0.5,87,2026110287,0,,,,,0.5346028320000187
-30.5,0.5,0.5,88,2026110288,0,,,,,0.5193568189997677
-30.5,0.5,0.5,89,2026110289,0,,,,,0.5363108349993126
-30.5,0.5,0.5,90,2026110290,0,,,,,0.43727701300031185
-30.5,0.5,0.5,91,2026110291,0,,,,,0.5458844439999666
-30.5,0.5,0.5,92,2026110292,0,,,,,0.5214917780003816
-30.5,0.5,0.5,94,2026110294,0,,,,,0.43040445299993735
-30.5,0.5,0.5,93,2026110293,0,,,,,0.5168753510006354
-30.5,0.5,0.5,95,2026110295,0,,,,,0.40357303800010413
-30.5,0.5,0.5,97,2026110297,1,K1ABC FN42 33,-30,0,10.140200,0.25759941100022843
-30.5,0.5,0.5,96,2026110296,0,,,,,0.5126537579999422
-30.5,0.5,0.5,98,2026110298,0,,,,,0.5134923270006766
-30.5,0.5,0.5,99,2026110299,0,,,,,0.512182595000013
-30.5,-0.5,0.5,0,2026110200,0,,,,,0.509346306000225
-30.5,-0.5,0.5,1,2026110201,0,,,,,0.5341027189997476
-30.5,-0.5,0.5,2,2026110202,0,,,,,0.53034242800004
-30.5,-0.5,0.5,3,2026110203,0,,,,,0.5213511590000053
-30.5,-0.5,0.5,4,2026110204,0,,,,,0.5165499770000679
-30.5,-0.5,0.5,5,2026110205,0,,,,,0.5053124650003156
-30.5,-0.5,0.5,6,2026110206,0,,,,,0.5199395810004717
-30.5,-0.5,0.5,8,2026110208,0,,,,,0.42409811800007446
-30.5,-0.5,0.5,7,2026110207,0,,,,,0.49894482099989546
-30.5,-0.5,0.5,11,2026110211,1,K1ABC FN42 33,-30,0,10.140200,0.09298348799984524
-30.5,-0.5,0.5,10,2026110210,1,K1ABC FN42 33,-30,0,10.140200,0.22893203100011306
-30.5,-0.5,0.5,9,2026110209,0,,,,,0.43402494299971295
-30.5,-0.5,0.5,14,2026110214,1,K1ABC FN42 33,-30,0,10.140200,0.06070489400008228
-30.5,-0.5,0.5,13,2026110213,1,K1ABC FN42 33,-32,0,10.140200,0.25912608799990267
-30.5,-0.5,0.5,12,2026110212,0,,,,,0.5091625139993994
-30.5,-0.5,0.5,17,2026110217,1,K1ABC FN42 33,-31,0,10.140200,0.27702605900049093
-30.5,-0.5,0.5,15,2026110215,0,,,,,0.5098208500003238
-30.5,-0.5,0.5,16,2026110216,0,,,,,0.5354875160001029
-30.5,-0.5,0.5,19,2026110219,1,K1ABC FN42 33,-30,0,10.140200,0.15226067499952478
-30.5,-0.5,0.5,20,2026110220,1,K1ABC FN42 33,-30,0,10.140200,0.08501156600050308
-30.5,-0.5,0.5,18,2026110218,0,,,,,0.50886458199966
-30.5,-0.5,0.5,24,2026110224,1,K1ABC FN42 33,-30,0,10.140200,0.08714332599993213
-30.5,-0.5,0.5,23,2026110223,0,,,,,0.4060681630007821
-30.5,-0.5,0.5,21,2026110221,0,,,,,0.4982442970003831
-30.5,-0.5,0.5,22,2026110222,0,,,,,0.5184727619998739
-30.5,-0.5,0.5,25,2026110225,0,,,,,0.5102055679999467
-30.5,-0.5,0.5,26,2026110226,0,,,,,0.5166526480006723
-30.5,-0.5,0.5,27,2026110227,0,,,,,0.5100892170003135
-30.5,-0.5,0.5,28,2026110228,0,,,,,0.5032424319997517
-30.5,-0.5,0.5,32,2026110232,1,K1ABC FN42 33,-31,0,10.140200,0.2622806290000881
-30.5,-0.5,0.5,29,2026110229,0,,,,,0.4225803620001898
-30.5,-0.5,0.5,30,2026110230,0,,,,,0.5201207489999433
-30.5,-0.5,0.5,31,2026110231,0,,,,,0.5217404380000517
-30.5,-0.5,0.5,36,2026110236,0,,,,,0.04521986400050082
-30.5,-0.5,0.5,33,2026110233,0,,,,,0.5232263150001017
-30.5,-0.5,0.5,34,2026110234,0,,,,,0.5151940300002025
-30.5,-0.5,0.5,39,2026110239,0,,,,,0.0446876460000567
-30.5,-0.5,0.5,35,2026110235,0,,,,,0.5130724149994421
-30.5,-0.5,0.5,37,2026110237,0,,,,,0.49607554100020934
-30.5,-0.5,0.5,38,2026110238,0,,,,,0.503863420000016
-30.5,-0.5,0.5,40,2026110240,0,,,,,0.4997975129999759
-30.5,-0.5,0.5,41,2026110241,0,,,,,0.5165307979996214
-30.5,-0.5,0.5,42,2026110242,0,,,,,0.49918574699950113
-30.5,-0.5,0.5,45,2026110245,1,K1ABC FN42 33,-31,0,10.140200,0.0713712980004857
-30.5,-0.5,0.5,43,2026110243,0,,,,,0.5032528290003029
-30.5,-0.5,0.5,44,2026110244,0,,,,,0.5119984540006044
-30.5,-0.5,0.5,46,2026110246,0,,,,,0.5243901209996693
-30.5,-0.5,0.5,47,2026110247,0,,,,,0.5196357069999067
-30.5,-0.5,0.5,48,2026110248,0,,,,,0.5266912039996896
-30.5,-0.5,0.5,49,2026110249,0,,,,,0.5294025620005414
-30.5,-0.5,0.5,50,2026110250,0,,,,,0.5268410410008073
-30.5,-0.5,0.5,51,2026110251,0,,,,,0.5281781809999302
-30.5,-0.5,0.5,55,2026110255,1,K1ABC FN42 33,-30,0,10.140200,0.07743650599968532
-30.5,-0.5,0.5,52,2026110252,0,,,,,0.43541946100049245
-30.5,-0.5,0.5,53,2026110253,0,,,,,0.5401890920002188
-30.5,-0.5,0.5,54,2026110254,0,,,,,0.5420268339994436
-30.5,-0.5,0.5,56,2026110256,0,,,,,0.5460607759996492
-30.5,-0.5,0.5,57,2026110257,0,,,,,0.5592889869994906
-30.5,-0.5,0.5,59,2026110259,0,MU4PMO AL27 57,,,,0.27377619499930006
-30.5,-0.5,0.5,58,2026110258,0,,,,,0.5325404859995615
-30.5,-0.5,0.5,60,2026110260,0,,,,,0.4897947279996515
-30.5,-0.5,0.5,61,2026110261,0,,,,,0.5078688370003874
-30.5,-0.5,0.5,62,2026110262,0,,,,,0.49773207800080854
-30.5,-0.5,0.5,64,2026110264,1,K1ABC FN42 33,-31,0,10.140200,0.24886568800047826
-30.5,-0.5,0.5,63,2026110263,0,,,,,0.5181399829998554
-30.5,-0.5,0.5,65,2026110265,0,,,,,0.500859963000039
-30.5,-0.5,0.5,67,2026110267,0,,,,,0.4241975610002555
-30.5,-0.5,0.5,66,2026110266,0,,,,,0.5056894199997259
-30.5,-0.5,0.5,69,2026110269,0,,,,,0.04849764899972797
-30.5,-0.5,0.5,68,2026110268,0,,,,,0.53411657200013
-30.5,-0.5,0.5,71,2026110271,1,K1ABC FN42 33,-30,0,10.140200,0.18685681999977533
-30.5,-0.5,0.5,70,2026110270,0,,,,,0.5091481559993554
-30.5,-0.5,0.5,72,2026110272,0,,,,,0.5140143560001889
-30.5,-0.5,0.5,73,2026110273,0,,,,,0.5107565629996316
-30.5,-0.5,0.5,77,2026110277,1,K1ABC FN42 33,-31,0,10.140200,0.04980980200070917
-30.5,-0.5,0.5,74,2026110274,0,,,,,0.5130695649995687
-30.5,-0.5,0.5,75,2026110275,0,,,,,0.4991840990005585
-30.5,-0.5,0.5,76,2026110276,0,,,,,0.5020662030001404
-30.5,-0.5,0.5,81,2026110281,0,,,,,0.0473494469997604
-30.5,-0.5,0.5,78,2026110278,0,,,,,0.5062336229993889
-30.5,-0.5,0.5,80,2026110280,1,K1ABC FN42 33,-31,0,10.140200,0.2053649490007956
-30.5,-0.5,0.5,79,2026110279,0,,,,,0.5168186769997192
-30.5,-0.5,0.5,83,2026110283,1,K1ABC FN42 33,-29,0,10.140200,0.07077141499939898
-30.5,-0.5,0.5,82,2026110282,0,,,,,0.5000541750005141
-30.5,-0.5,0.5,85,2026110285,0,,,,,0.4084156670005541
-30.5,-0.5,0.5,86,2026110286,0,,,,,0.4233894139997574
-30.5,-0.5,0.5,84,2026110284,0,,,,,0.5111264220004159
-30.5,-0.5,0.5,87,2026110287,0,,,,,0.5161129589996563
-30.5,-0.5,0.5,89,2026110289,0,,,,,0.3926674619997357
-30.5,-0.5,0.5,88,2026110288,0,,,,,0.48881031299970346
-30.5,-0.5,0.5,93,2026110293,1,K1ABC FN42 33,-29,0,10.140200,0.08186205499987409
-30.5,-0.5,0.5,90,2026110290,0,,,,,0.5100624139995489
-30.5,-0.5,0.5,94,2026110294,1,K1ABC FN42 33,-30,0,10.140200,0.06007420599962643
-30.5,-0.5,0.5,91,2026110291,0,,,,,0.49631376400066074
-30.5,-0.5,0.5,92,2026110292,0,,,,,0.5071747860001778
-30.5,-0.5,0.5,95,2026110295,0,,,,,0.410333036999873
-30.5,-0.5,0.5,98,2026110298,1,K1ABC FN42 33,-30,0,10.140200,0.049503326000376546
-30.5,-0.5,0.5,96,2026110296,0,,,,,0.5129464270003155
-30.5,-0.5,0.5,97,2026110297,0,,,,,0.5216205040005661
-31.0,0.25,0.25,1,2026120201,1,K1ABC FN42 33,-30,0,10.140200,0.3336479839999811
-30.5,-0.5,0.5,99,2026110299,0,,,,,0.5100896500007366
-31.0,0.25,0.25,0,2026120200,0,,,,,0.5130721989999074
-31.0,0.25,0.25,2,2026120202,1,K1ABC FN42 33,-30,0,10.140200,0.24748832799923548
-31.0,0.25,0.25,5,2026120205,1,K1ABC FN42 33,-30,0,10.140200,0.34269410300021264
-31.0,0.25,0.25,7,2026120207,1,K1ABC FN42 33,-31,0,10.140200,0.05471350199968583
-31.0,0.25,0.25,3,2026120203,0,,,,,0.5117265720000432
-31.0,0.25,0.25,4,2026120204,0,,,,,0.5010029760005636
-31.0,0.25,0.25,6,2026120206,0,,,,,0.42247679899992363
-31.0,0.25,0.25,8,2026120208,1,K1ABC FN42 33,-31,0,10.140200,0.3560433480006395
-31.0,0.25,0.25,10,2026120210,1,K1ABC FN42 33,-32,0,10.140200,0.3358070570002383
-31.0,0.25,0.25,9,2026120209,1,K1ABC FN42 33,-32,0,10.140200,0.408499127000141
-31.0,0.25,0.25,11,2026120211,1,K1ABC FN42 33,-30,0,10.140200,0.3253787920002651
-31.0,0.25,0.25,12,2026120212,1,K1ABC FN42 33,-31,0,10.140200,0.24564781800017954
-31.0,0.25,0.25,13,2026120213,1,K1ABC FN42 33,-31,0,10.140200,0.3524215159995947
-31.0,0.25,0.25,15,2026120215,1,K1ABC FN42 33,-31,0,10.140200,0.23733263800022542
-31.0,0.25,0.25,16,2026120216,1,K1ABC FN42 33,-31,0,10.140200,0.23732119099986448
-31.0,0.25,0.25,14,2026120214,0,,,,,0.41196458700051153
-31.0,0.25,0.25,18,2026120218,1,K1ABC FN42 33,-30,0,10.140200,0.25615803799973946
-31.0,0.25,0.25,19,2026120219,1,K1ABC FN42 33,-31,0,10.140200,0.2424505129993122
-31.0,0.25,0.25,20,2026120220,1,K1ABC FN42 33,-32,0,10.140200,0.25443972699940787
-31.0,0.25,0.25,21,2026120221,1,K1ABC FN42 33,-31,0,10.140200,0.26388749700072367
-31.0,0.25,0.25,17,2026120217,0,,,,,0.5393125169994164
-31.0,0.25,0.25,24,2026120224,1,K1ABC FN42 33,-31,0,10.140200,0.16031375499915157
-31.0,0.25,0.25,22,2026120222,0,,,,,0.5004978200004189
-31.0,0.25,0.25,23,2026120223,0,,,,,0.513869694999812
-31.0,0.25,0.25,27,2026120227,1,K1ABC FN42 33,-30,0,10.140200,0.24016406800001278
-31.0,0.25,0.25,25,2026120225,0,,,,,0.5161118930000157
-31.0,0.25,0.25,29,2026120229,0,,,,,0.04857182600062515
-31.0,0.25,0.25,28,2026120228,1,K1ABC FN42 33,-31,0,10.140200,0.24560974999985774
-31.0,0.25,0.25,26,2026120226,0,,,,,0.538524065999809
-31.0,0.25,0.25,30,2026120230,0,,,,,0.5371567880001749
-31.0,0.25,0.25,31,2026120231,0,,,,,0.54520962100014
-31.0,0.25,0.25,32,2026120232,0,,,,,0.5339506039999833
-31.0,0.25,0.25,33,2026120233,0,,,,,0.5464509479998014
-31.0,0.25,0.25,34,2026120234,1,K1ABC FN42 33,-32,0,10.140200,0.3401104539998414
-31.0,0.25,0.25,36,2026120236,0,,,,,0.43295946000034746
-31.0,0.25,0.25,37,2026120237,1,K1ABC FN42 33,-30,0,10.140200,0.38400461499986704
-31.0,0.25,0.25,35,2026120235,0,,,,,0.5210531160000755
-31.0,0.25,0.25,39,2026120239,1,K1ABC FN42 33,-31,0,10.140200,0.24581613699956506
-31.0,0.25,0.25,38,2026120238,0,,,,,0.5295492610002839
-31.0,0.25,0.25,42,2026120242,1,K1ABC FN42 33,-31,0,10.140200,0.14670889799981524
-31.0,0.25,0.25,41,2026120241,0,,,,,0.4265849049997996
-31.0,0.25,0.25,40,2026120240,0,,,,,0.541838519000521
-31.0,0.25,0.25,44,2026120244,1,K1ABC FN42 33,-31,0,10.140200,0.24251174500022898
-31.0,0.25,0.25,43,2026120243,1,K1ABC FN42 33,-30,0,10.140200,0.3582164459994601
-31.0,0.25,0.25,47,2026120247,1,K1ABC FN42 33,-30,0,10.140200,0.33123943400005373
-31.0,0.25,0.25,45,2026120245,0,,,,,0.5100544939996325
-31.0,0.25,0.25,50,2026120250,1,K1ABC FN42 33,-30,0,10.140200,0.04526540500046394
-31.0,0.25,0.25,46,2026120246,0,,,,,0.5090473339996606
-31.0,0.25,0.25,48,2026120248,0,,,,,0.49873128899980657
-31.0,0.25,0.25,49,2026120249,1,K1ABC FN42 33,-31,0,10.140200,0.31306688399945415
-31.0,0.25,0.25,51,2026120251,1,K1ABC FN42 33,-30,0,10.140200,0.24542639500032237
-31.0,0.25,0.25,52,2026120252,1,K1ABC FN42 33,-30,0,10.140200,0.24224331499954133
-31.0,0.25,0.25,54,2026120254,1,K1ABC FN42 33,-31,0,10.140200,0.23339455399946019
-31.0,0.25,0.25,53,2026120253,0,,,,,0.5164960760002941
-31.0,0.25,0.25,55,2026120255,0,,,,,0.5203772900003969
-31.0,0.25,0.25,56,2026120256,0,,,,,0.49824451899985434
-31.0,0.25,0.25,57,2026120257,0,,,,,0.4104906869997649
-31.0,0.25,0.25,60,2026120260,1,K1ABC FN42 33,-31,0,10.140200,0.3720156559993484
-31.0,0.25,0.25,61,2026120261,1,K1ABC FN42 33,-31,0,10.140200,0.3311905279997518
-31.0,0.25,0.25,58,2026120258,0,,,,,0.5122348710001461
-31.0,0.25,0.25,63,2026120263,0,,,,,0.04182237300028646
-31.0,0.25,0.25,59,2026120259,0,,,,,0.5147538830005942
-31.0,0.25,0.25,64,2026120264,1,K1ABC FN42 33,-31,0,10.140200,0.14575938299913105
-31.0,0.25,0.25,62,2026120262,1,K1ABC FN42 33,-31,0,10.140200,0.2430269149999731
-31.0,0.25,0.25,65,2026120265,0,,,,,0.5095161950002876
-31.0,0.25,0.25,66,2026120266,0,,,,,0.5142192659995999
-31.0,0.25,0.25,67,2026120267,0,,,,,0.4999803590008014
-31.0,0.25,0.25,68,2026120268,0,,,,,0.5156013449995953
-31.0,0.25,0.25,69,2026120269,1,K1ABC FN42 33,-29,0,10.140200,0.2319271159994969
-31.0,0.25,0.25,72,2026120272,1,K1ABC FN42 33,-31,0,10.140200,0.14333286799956113
-31.0,0.25,0.25,70,2026120270,1,K1ABC FN42 33,-31,0,10.140200,0.30188593399998354
-31.0,0.25,0.25,74,2026120274,0,,,,,0.0395843349997449
-31.0,0.25,0.25,71,2026120271,0,,,,,0.5056352369992965
-31.0,0.25,0.25,73,2026120273,0,,,,,0.4270444920002774
-31.0,0.25,0.25,76,2026120276,0,,,,,0.543519971999558
-31.0,0.25,0.25,75,2026120275,1,K1ABC FN42 33,-33,0,10.140200,0.6261126949993923
-31.0,0.25,0.25,78,2026120278,0,,,,,0.4258731970003282
-31.0,0.25,0.25,77,2026120277,0,,,,,0.5096152379992418
-31.0,0.25,0.25,79,2026120279,1,K1ABC FN42 33,-32,0,10.140200,0.2685401059998185
-31.0,0.25,0.25,80,2026120280,1,K1ABC FN42 33,-30,0,10.140200,0.2616654900002686
-31.0,0.25,0.25,82,2026120282,1,K1ABC FN42 33,-30,0,10.140200,0.1363804969996636
-31.0,0.25,0.25,84,2026120284,0,,,,,0.044343204999677255
-31.0,0.25,0.25,83,2026120283,1,K1ABC FN42 33,-31,0,10.140200,0.1714000499996473
-31.0,0.25,0.25,87,2026120287,1,K1ABC FN42 33,-31,0,10.140200,0.16408286200021394
-31.0,0.25,0.25,81,2026120281,0,,,,,0.5044486319993666
-31.0,0.25,0.25,85,2026120285,0,,,,,0.41366281699993124
-31.0,0.25,0.25,86,2026120286,0,,,,,0.5244588980003755
-31.0,0.25,0.25,88,2026120288,0,,,,,0.5137853760006692
-31.0,0.25,0.25,91,2026120291,1,K1ABC FN42 33,-30,0,10.140200,0.24514182500024617
-31.0,0.25,0.25,90,2026120290,0,,,,,0.41258018000007723
-31.0,0.25,0.25,89,2026120289,0,,,,,0.521832543000528
-31.0,0.25,0.25,94,2026120294,0,,,,,0.0464312690000952
-31.0,0.25,0.25,92,2026120292,1,K1ABC FN42 33,-31,0,10.140200,0.2543900880000365
-31.0,0.25,0.25,93,2026120293,1,K1ABC FN42 33,-30,0,10.140200,0.3353905020003367
-31.0,0.25,0.25,98,2026120298,1,K1ABC FN42 33,-31,0,10.140200,0.1646094389998325
-31.0,0.25,0.25,95,2026120295,0,,,,,0.5254878490004558
-31.0,0.25,0.25,96,2026120296,0,,,,,0.519548446999579
-31.0,0.25,0.25,97,2026120297,0,,,,,0.5234539029997904
-31.0,0.25,0.25,99,2026120299,1,K1ABC FN42 33,-31,0,10.140200,0.2849281389999305
-31.0,-0.25,0.25,0,2026120200,1,K1ABC FN42 33,-30,0,10.140200,0.3629807869992874
-31.0,-0.25,0.25,2,2026120202,1,K1ABC FN42 33,-30,0,10.140200,0.24295286300002772
-31.0,-0.25,0.25,1,2026120201,0,,,,,0.48865565300002345
-31.0,-0.25,0.25,3,2026120203,0,,,,,0.5145276019993617
-31.0,-0.25,0.25,7,2026120207,1,K1ABC FN42 33,-31,0,10.140200,0.041650568000477506
-31.0,-0.25,0.25,4,2026120204,0,,,,,0.5106886869998561
-31.0,-0.25,0.25,6,2026120206,0,,,,,0.4105246230001285
-31.0,-0.25,0.25,5,2026120205,0,,,,,0.497966049999377
-31.0,-0.25,0.25,8,2026120208,0,,,,,0.5063210150001396
-31.0,-0.25,0.25,10,2026120210,1,K1ABC FN42 33,-31,0,10.140200,0.3501327260000835
-31.0,-0.25,0.25,9,2026120209,0,,,,,0.41607129000021814
-31.0,-0.25,0.25,11,2026120211,0,,,,,0.4955688589998317
-31.0,-0.25,0.25,12,2026120212,1,K1ABC FN42 33,-31,0,10.140200,0.22886759799985157
-31.0,-0.25,0.25,13,2026120213,1,K1ABC FN42 33,-31,0,10.140200,0.26017994100038777
-31.0,-0.25,0.25,14,2026120214,1,K1ABC FN42 33,-30,0,10.140200,0.2494054849994427
-31.0,-0.25,0.25,15,2026120215,1,K1ABC FN42 33,-31,0,10.140200,0.3338548580004499
-31.0,-0.25,0.25,18,2026120218,1,K1ABC FN42 33,-31,0,10.140200,0.2172431669996513
-31.0,-0.25,0.25,17,2026120217,1,K1ABC FN42 33,-31,0,10.140200,0.24245623699971475
-31.0,-0.25,0.25,16,2026120216,1,K1ABC FN42 33,-33,0,10.140200,0.33330605499941157
-31.0,-0.25,0.25,21,2026120221,1,K1ABC FN42 33,-31,0,10.140200,0.07091140800002904
-31.0,-0.25,0.25,19,2026120219,1,K1ABC FN42 33,-31,0,10.140200,0.23387814600027923
-31.0,-0.25,0.25,20,2026120220,1,K1ABC FN42 33,-31,0,10.140200,0.2366204749996541
-31.0,-0.25,0.25,22,2026120222,0,,,,,0.5196064709998609
-31.0,-0.25,0.25,23,2026120223,0,,,,,0.5245380980004484
-31.0,-0.25,0.25,24,2026120224,0,,,,,0.44099658200048
-31.0,-0.25,0.25,25,2026120225,0,,,,,0.5570873990000109
-31.0,-0.25,0.25,29,2026120229,0,,,,,0.040942032000202744
-31.0,-0.25,0.25,27,2026120227,1,K1ABC FN42 33,-30,0,10.140200,0.27436667999972997
-31.0,-0.25,0.25,28,2026120228,1,K1ABC FN42 33,-31,0,10.140200,0.2555036519997884
-31.0,-0.25,0.25,26,2026120226,0,,,,,0.4492613190004704
-31.0,-0.25,0.25,30,2026120230,0,,,,,0.5180750630006514
-31.0,-0.25,0.25,33,2026120233,1,K1ABC FN42 33,-31,0,10.140200,0.3296930369997426
-31.0,-0.25,0.25,31,2026120231,0,,,,,0.49935912799992366
-31.0,-0.25,0.25,32,2026120232,0,,,,,0.5592654769998262
-31.0,-0.25,0.25,36,2026120236,1,K1ABC FN42 33,-31,0,10.140200,0.26769153399982315
-31.0,-0.25,0.25,35,2026120235,0,,,,,0.5215505189999021
-31.0,-0.25,0.25,34,2026120234,0,,,,,0.5307284000000436
-31.0,-0.25,0.25,37,2026120237,0,,,,,0.5196089419996497
-31.0,-0.25,0.25,39,2026120239,1,K1ABC FN42 33,-30,0,10.140200,0.2576774149993071
-31.0,-0.25,0.25,38,2026120238,0,,,,,0.5000648909999654
-31.0,-0.25,0.25,40,2026120240,1,K1ABC FN42 33,-31,0,10.140200,0.2732699059997685
-31.0,-0.25,0.25,41,2026120241,1,K1ABC FN42 33,-30,0,10.140200,0.34910304299955897
-31.0,-0.25,0.25,42,2026120242,1,K1ABC FN42 33,-31,0,10.140200,0.23949543999970047
-31.0,-0.25,0.25,46,2026120246,1,K1ABC FN42 33,-31,0,10.140200,0.23831594199964456
-31.0,-0.25,0.25,43,2026120243,0,,,,,0.5097764629999801
-31.0,-0.25,0.25,44,2026120244,0,,,,,0.510660001999895
-31.0,-0.25,0.25,49,2026120249,1,K1ABC FN42 33,-31,0,10.140200,0.1410655419995237
-31.0,-0.25,0.25,45,2026120245,0,,,,,0.4922984490003728
-31.0,-0.25,0.25,50,2026120250,1,K1ABC FN42 33,-31,0,10.140200,0.0488282979995347
-31.0,-0.25,0.25,47,2026120247,0,,,,,0.40965301799951703
-31.0,-0.25,0.25,48,2026120248,0,,,,,0.504539577000287
-31.0,-0.25,0.25,51,2026120251,1,K1ABC FN42 33,-30,0,10.140200,0.3405497270005071
-31.0,-0.25,0.25,52,2026120252,0,,,,,0.5114905599994017
-31.0,-0.25,0.25,54,2026120254,1,K1ABC FN42 33,-31,0,10.140200,0.24088251900047908
-31.0,-0.25,0.25,53,2026120253,0,,,,,0.43392970700006117
-31.0,-0.25,0.25,55,2026120255,1,K1ABC FN42 33,-31,0,10.140200,0.32954481300021143
-31.0,-0.25,0.25,56,2026120256,1,K1ABC FN42 33,-30,0,10.140200,0.23849540499941213
-31.0,-0.25,0.25,57,2026120257,0,,,,,0.40433912299977237
-31.0,-0.25,0.25,59,2026120259,1,K1ABC FN42 33,-32,0,10.140200,0.34371506800016505
-31.0,-0.25,0.25,60,2026120260,1,K1ABC FN42 33,-31,0,10.140200,0.23836686599952372
-31.0,-0.25,0.25,58,2026120258,0,,,,,0.5247338369999852
-31.0,-0.25,0.25,62,2026120262,1,K1ABC FN42 33,-31,0,10.140200,0.25515908600027615
-31.0,-0.25,0.25,64,2026120264,1,K1ABC FN42 33,-31,0,10.140200,0.14823119799984852
-31.0,-0.25,0.25,61,2026120261,0,,,,,0.497721778999221
-31.0,-0.25,0.25,63,2026120263,0,,,,,0.5180928380004843
-31.0,-0.25,0.25,66,2026120266,1,K1ABC FN42 33,-31,0,10.140200,0.2879086820003067
-31.0,-0.25,0.25,65,2026120265,0,,,,,0.5387908599996081
-31.0,-0.25,0.25,67,2026120267,0,,,,,0.44347407999975985
-31.0,-0.25,0.25,68,2026120268,0,,,,,0.44421776800027146
-31.0,-0.25,0.25,70,2026120270,1,K1ABC FN42 33,-31,0,10.140200,0.2976154830002997
-31.0,-0.25,0.25,69,2026120269,0,,,,,0.5448530359999495
-31.0,-0.25,0.25,71,2026120271,1,K1ABC FN42 33,-31,0,10.140200,0.2652597369997238
-31.0,-0.25,0.25,72,2026120272,1,K1ABC FN42 33,-30,0,10.140200,0.25456821500029037
-31.0,-0.25,0.25,76,2026120276,1,K1ABC FN42 33,-31,0,10.140200,0.18581160299982002
-31.0,-0.25,0.25,75,2026120275,1,K1ABC FN42 33,-33,0,10.140200,0.2554078719995232
-31.0,-0.25,0.25,73,2026120273,0,,,,,0.43330778800009284
-31.0,-0.25,0.25,74,2026120274,0,,,,,0.439121296999474
-31.0,-0.25,0.25,77,2026120277,1,K1ABC FN42 33,-31,0,10.140200,0.3372761910004556
-31.0,-0.25,0.25,78,2026120278,0,,,,,0.5442222840001705
-31.0,-0.25,0.25,80,2026120280,0,,,,,0.4239372039992304
-31.0,-0.25,0.25,79,2026120279,0,,,,,0.5126527550000901
-31.0,-0.25,0.25,84,2026120284,0,,,,,0.05097174999991694
-31.0,-0.25,0.25,85,2026120285,1,K1ABC FN42 33,-30,0,10.140200,0.17181649900066986
-31.0,-0.25,0.25,83,2026120283,1,K1ABC FN42 33,-31,0,10.140200,0.27521503800016944
-31.0,-0.25,0.25,81,2026120281,0,,,,,0.5244466100002683
-31.0,-0.25,0.25,82,2026120282,0,,,,,0.4379425130000527
-31.0,-0.25,0.25,89,2026120289,1,K1ABC FN42 33,-32,0,10.140200,0.2870689420005874
-31.0,-0.25,0.25,87,2026120287,0,,,,,0.46219129099972633
-31.0,-0.25,0.25,86,2026120286,0,,,,,0.5496232860004966
-31.0,-0.25,0.25,88,2026120288,0,,,,,0.5472368769997047
-31.0,-0.25,0.25,91,2026120291,1,K1ABC FN42 33,-30,0,10.140200,0.17124546000013652
-31.0,-0.25,0.25,92,2026120292,1,K1ABC FN42 33,-30,0,10.140200,0.2168390280003223
-31.0,-0.25,0.25,94,2026120294,1,K1ABC FN42 33,-30,0,10.140200,0.15362743900004716
-31.0,-0.25,0.25,90,2026120290,0,,,,,0.4114326059998348
-31.0,-0.25,0.25,96,2026120296,1,K1ABC FN42 33,-31,0,10.140200,0.2505661909999617
-31.0,-0.25,0.25,93,2026120293,0,,,,,0.5012324170002103
-31.0,-0.25,0.25,95,2026120295,0,,,,,0.5078509400000257
-31.0,-0.25,0.25,98,2026120298,1,K1ABC FN42 33,-31,0,10.140200,0.23914925400003995
-31.0,-0.25,0.25,99,2026120299,1,K1ABC FN42 33,-30,0,10.140200,0.2674512350004079
-31.0,-0.25,0.25,97,2026120297,0,,,,,0.5053791059999639
-31.0,0.5,0.5,0,2026120200,0,,,,,0.4341256420002537
-31.0,0.5,0.5,2,2026120202,0,,,,,0.42499917300028756
-31.0,0.5,0.5,1,2026120201,0,,,,,0.4904602149999846
-31.0,0.5,0.5,3,2026120203,0,,,,,0.5133858310000505
-31.0,0.5,0.5,4,2026120204,0,,,,,0.5244772939995528
-31.0,0.5,0.5,5,2026120205,0,,,,,0.5010042769999927
-31.0,0.5,0.5,7,2026120207,0,,,,,0.4175475000001825
-31.0,0.5,0.5,6,2026120206,0,,,,,0.5300171839999166
-31.0,0.5,0.5,9,2026120209,0,,,,,0.42474652199962293
-31.0,0.5,0.5,10,2026120210,0,,,,,0.506340595000438
-31.0,0.5,0.5,11,2026120211,0,,,,,0.5182099330004348
-31.0,0.5,0.5,8,2026120208,0,,,,,0.8874818149997736
-31.0,0.5,0.5,12,2026120212,0,,,,,0.5296320600000399
-31.0,0.5,0.5,14,2026120214,0,,,,,0.43084263899982034
-31.0,0.5,0.5,13,2026120213,0,,,,,0.5082563129999471
-31.0,0.5,0.5,15,2026120215,0,,,,,0.5060694430003423
-31.0,0.5,0.5,16,2026120216,0,,,,,0.5003238380004404
-31.0,0.5,0.5,17,2026120217,0,,,,,0.5007650289999219
-31.0,0.5,0.5,18,2026120218,0,,,,,0.5064465909999853
-31.0,0.5,0.5,19,2026120219,0,,,,,0.42170807200000127
-31.0,0.5,0.5,20,2026120220,0,,,,,0.40291663900006824
-31.0,0.5,0.5,21,2026120221,0,,,,,0.5245271639996645
-31.0,0.5,0.5,22,2026120222,0,,,,,0.5170681099998546
-31.0,0.5,0.5,23,2026120223,0,,,,,0.5090153219998683
-31.0,0.5,0.5,24,2026120224,0,,,,,0.5193896459995813
-31.0,0.5,0.5,25,2026120225,0,,,,,0.42613500200059207
-31.0,0.5,0.5,29,2026120229,0,,,,,0.04467064599975856
-31.0,0.5,0.5,26,2026120226,0,,,,,0.5022158170004332
-31.0,0.5,0.5,27,2026120227,0,,,,,0.4187721380003495
-31.0,0.5,0.5,28,2026120228,0,,,,,0.5053149850000409
-31.0,0.5,0.5,30,2026120230,0,,,,,0.4954159629996866
-31.0,0.5,0.5,31,2026120231,0,,,,,0.4943743670000913
-31.0,0.5,0.5,35,2026120235,0,,,,,0.0402648710005451
-31.0,0.5,0.5,32,2026120232,0,,,,,0.39439750100063975
-31.0,0.5,0.5,33,2026120233,0,,,,,0.4101346719999128
-31.0,0.5,0.5,36,2026120236,0,,,,,0.3934841549998964
-31.0,0.5,0.5,34,2026120234,0,,,,,0.5200433359996168
-31.0,0.5,0.5,37,2026120237,0,,,,,0.5325810610002009
-31.0,0.5,0.5,38,2026120238,0,,,,,0.512996653999835
-31.0,0.5,0.5,40,2026120240,0,,,,,0.42142517899992527
-31.0,0.5,0.5,39,2026120239,0,,,,,0.5088912259998324
-31.0,0.5,0.5,41,2026120241,0,,,,,0.4071846649994768
-31.0,0.5,0.5,42,2026120242,0,,,,,0.5188565230000677
-31.0,0.5,0.5,43,2026120243,0,,,,,0.40152787900024123
-31.0,0.5,0.5,44,2026120244,0,,,,,0.5319547429999147
-31.0,0.5,0.5,45,2026120245,0,,,,,0.5120597730001464
-31.0,0.5,0.5,49,2026120249,1,K1ABC FN42 33,-31,0,10.140200,0.156473349999942
-31.0,0.5,0.5,50,2026120250,0,,,,,0.057431490999988455
-31.0,0.5,0.5,46,2026120246,0,,,,,0.5237611559996367
-31.0,0.5,0.5,47,2026120247,0,,,,,0.5277130240001497
-31.0,0.5,0.5,48,2026120248,0,,,,,0.551212769999438
-31.0,0.5,0.5,51,2026120251,0,,,,,0.4552309589998913
-31.0,0.5,0.5,52,2026120252,0,,,,,0.5103726359993743
-31.0,0.5,0.5,53,2026120253,0,,,,,0.4977947170000334
-31.0,0.5,0.5,54,2026120254,0,,,,,0.4259163560000161
-31.0,0.5,0.5,55,2026120255,0,,,,,0.5020326849999037
-31.0,0.5,0.5,57,2026120257,0,,,,,0.422716586000206
-31.0,0.5,0.5,59,2026120259,1,K1ABC FN42 33,-30,0,10.140200,0.07757579299959616
-31.0,0.5,0.5,56,2026120256,0,,,,,0.5194904349991702
-31.0,0.5,0.5,58,2026120258,0,,,,,0.5070317939998858
-31.0,0.5,0.5,60,2026120260,0,,,,,0.5099067540004398
-31.0,0.5,0.5,61,2026120261,0,,,,,0.5431230100002722
-31.0,0.5,0.5,62,2026120262,0,,,,,0.529054661000373
-31.0,0.5,0.5,63,2026120263,0,,,,,0.42644011299944395
-31.0,0.5,0.5,67,2026120267,0,,,,,0.045778208000228915
-31.0,0.5,0.5,64,2026120264,0,,,,,0.4276955519999319
-31.0,0.5,0.5,65,2026120265,0,,,,,0.5520084319996386
-31.0,0.5,0.5,66,2026120266,0,,,,,0.5286392529997102
-31.0,0.5,0.5,68,2026120268,0,,,,,0.52277273800064
-31.0,0.5,0.5,69,2026120269,0,,,,,0.4234683849999783
-31.0,0.5,0.5,70,2026120270,0,,,,,0.5077311299992289
-31.0,0.5,0.5,71,2026120271,0,,,,,0.5042077940006493
-31.0,0.5,0.5,72,2026120272,0,,,,,0.43590892599968356
-31.0,0.5,0.5,74,2026120274,0,,,,,0.050842912000007345
-31.0,0.5,0.5,73,2026120273,0,,,,,0.5236069339998721
-31.0,0.5,0.5,75,2026120275,0,,,,,0.27939667200007534
-31.0,0.5,0.5,77,2026120277,0,,,,,0.42459166000026016
-31.0,0.5,0.5,76,2026120276,0,,,,,0.5439897850001216
-31.0,0.5,0.5,78,2026120278,0,,,,,0.4205729040004371
-31.0,0.5,0.5,82,2026120282,0,,,,,0.04089143399960449
-31.0,0.5,0.5,79,2026120279,0,,,,,0.5049776910000219
-31.0,0.5,0.5,84,2026120284,0,,,,,0.042205314000057115
-31.0,0.5,0.5,80,2026120280,0,,,,,0.4057384910001929
-31.0,0.5,0.5,81,2026120281,0,,,,,0.4832403690006686
-31.0,0.5,0.5,83,2026120283,0,,,,,0.3942754129993773
-31.0,0.5,0.5,85,2026120285,0,,,,,0.427122029000202
-31.0,0.5,0.5,86,2026120286,0,,,,,0.5183404769995832
-31.0,0.5,0.5,90,2026120290,0,,,,,0.04092764899996837
-31.0,0.5,0.5,87,2026120287,0,,,,,0.5150224949993571
-31.0,0.5,0.5,88,2026120288,0,,,,,0.5144684420001795
-31.0,0.5,0.5,89,2026120289,0,,,,,0.5093160979995446
-31.0,0.5,0.5,91,2026120291,0,,,,,0.4070404080002845
-31.0,0.5,0.5,94,2026120294,1,K1ABC FN42 33,-30,0,10.140200,0.08586617599939927
-31.0,0.5,0.5,96,2026120296,0,,,,,0.04189592199963954
-31.0,0.5,0.5,92,2026120292,0,,,,,0.42703156800052966
-31.0,0.5,0.5,93,2026120293,0,,,,,0.5085383870000442
-31.0,0.5,0.5,95,2026120295,0,,,,,0.5206922910001595
-31.0,0.5,0.5,97,2026120297,0,,,,,0.5194917460003126
-31.0,0.5,0.5,98,2026120298,0,,,,,0.5005718380007238
-31.0,0.5,0.5,99,2026120299,0,,,,,0.42439525999998295
-31.0,-0.5,0.5,2,2026120202,1,K1ABC FN42 33,-30,0,10.140200,0.1379445519996807
-31.0,-0.5,0.5,0,2026120200,0,,,,,0.40281731599952764
-31.0,-0.5,0.5,1,2026120201,0,,,,,0.5125945250001678
-31.0,-0.5,0.5,3,2026120203,0,,,,,0.5273996989999432
-31.0,-0.5,0.5,7,2026120207,0,,,,,0.046719283999664185
-31.0,-0.5,0.5,4,2026120204,0,,,,,0.5429261019999103
-31.0,-0.5,0.5,5,2026120205,0,,,,,0.4371402489996399
-31.0,-0.5,0.5,6,2026120206,0,,,,,0.41515057900051033
-31.0,-0.5,0.5,9,2026120209,0,,,,,0.44345989399971586
-31.0,-0.5,0.5,8,2026120208,0,,,,,0.5226593570005207
-31.0,-0.5,0.5,10,2026120210,0,,,,,0.5337659959996017
-31.0,-0.5,0.5,11,2026120211,0,,,,,0.501393475000441
-31.0,-0.5,0.5,12,2026120212,0,,,,,0.5349621109999134
-31.0,-0.5,0.5,13,2026120213,0,,,,,0.5255798580001283
-31.0,-0.5,0.5,14,2026120214,0,,,,,0.4333832230004191
-31.0,-0.5,0.5,17,2026120217,1,K1ABC FN42 33,-31,0,10.140200,0.09982654499981436
-31.0,-0.5,0.5,15,2026120215,0,,,,,0.526937010000438
-31.0,-0.5,0.5,16,2026120216,0,,,,,0.43409971600067365
-31.0,-0.5,0.5,18,2026120218,0,,,,,0.4570696640003007
-31.0,-0.5,0.5,19,2026120219,0,,,,,0.5390880869999819
-31.0,-0.5,0.5,20,2026120220,0,,,,,0.44920445699972333
-31.0,-0.5,0.5,23,2026120223,0,,,,,0.044609258000491536
-31.0,-0.5,0.5,21,2026120221,0,,,,,0.4351060659992072
-31.0,-0.5,0.5,22,2026120222,0,,,,,0.44057730399981665
-31.0,-0.5,0.5,24,2026120224,0,,,,,0.5257486540003811
-31.0,-0.5,0.5,25,2026120225,0,,,,,0.5326688759996614
-31.0,-0.5,0.5,29,2026120229,0,,,,,0.04734991700024693
-31.0,-0.5,0.5,26,2026120226,0,,,,,0.43365171999994345
-31.0,-0.5,0.5,27,2026120227,0,,,,,0.42222552000021096
-31.0,-0.5,0.5,32,2026120232,0,,,,,0.04304615000000922
-31.0,-0.5,0.5,28,2026120228,0,,,,,0.5045329840004342
-31.0,-0.5,0.5,33,2026120233,0,,,,,0.4086962889996357
-31.0,-0.5,0.5,30,2026120230,0,,,,,0.5193419209999774
-31.0,-0.5,0.5,31,2026120231,0,,,,,0.5250344089999999
-31.0,-0.5,0.5,35,2026120235,0,,,,,0.04429846400034876
-31.0,-0.5,0.5,34,2026120234,0,,,,,0.5222472740006197
-31.0,-0.5,0.5,36,2026120236,0,,,,,0.437269238999761
-31.0,-0.5,0.5,38,2026120238,0,,,,,0.4383086350007943
-31.0,-0.5,0.5,37,2026120237,0,,,,,0.5395549609993395
-31.0,-0.5,0.5,42,2026120242,1,K1ABC FN42 33,-30,0,10.140200,0.2537308569999368
-31.0,-0.5,0.5,39,2026120239,0,,,,,0.4313763789996301
-31.0,-0.5,0.5,43,2026120243,0,,,,,0.03874999200070306
-31.0,-0.5,0.5,41,2026120241,0,,,,,0.429482255000039
-31.0,-0.5,0.5,40,2026120240,0,,,,,0.5303345740003351
-31.0,-0.5,0.5,45,2026120245,0,,,,,0.5331810699999551
-31.0,-0.5,0.5,44,2026120244,0,,,,,0.5384060840005986
-31.0,-0.5,0.5,47,2026120247,0,,,,,0.44067308100056835
-31.0,-0.5,0.5,46,2026120246,0,,,,,0.5451177400000233
-31.0,-0.5,0.5,49,2026120249,1,K1ABC FN42 33,-31,0,10.140200,0.24169967000034376
-31.0,-0.5,0.5,50,2026120250,0,,,,,0.4447211790002257
-31.0,-0.5,0.5,48,2026120248,0,,,,,0.45715507400018396
-31.0,-0.5,0.5,51,2026120251,0,,,,,0.4417495589996179
-31.0,-0.5,0.5,52,2026120252,0,,,,,0.44002961200021673
-31.0,-0.5,0.5,54,2026120254,0,,,,,0.45239625800059
-31.0,-0.5,0.5,53,2026120253,0,,,,,0.5398870740000348
-31.0,-0.5,0.5,55,2026120255,0,,,,,0.5300473560000682
-31.0,-0.5,0.5,56,2026120256,0,,,,,0.5479150639994259
-31.0,-0.5,0.5,57,2026120257,0,,,,,0.4504869940001299
-31.0,-0.5,0.5,58,2026120258,0,,,,,0.5579914199997802
-31.0,-0.5,0.5,59,2026120259,0,,,,,0.5697959290000654
-31.0,-0.5,0.5,63,2026120263,0,,,,,0.03960570999970514
-31.0,-0.5,0.5,62,2026120262,1,K1ABC FN42 33,-31,0,10.140200,0.10976553599994077
-31.0,-0.5,0.5,60,2026120260,0,,,,,0.5197871120008131
-31.0,-0.5,0.5,61,2026120261,0,,,,,0.5457916999994268
-31.0,-0.5,0.5,67,2026120267,0,,,,,0.03903399699993315
-31.0,-0.5,0.5,64,2026120264,0,,,,,0.4062859469995601
-31.0,-0.5,0.5,66,2026120266,0,,,,,0.4113329960000556
-31.0,-0.5,0.5,65,2026120265,0,,,,,0.4999029070004326
-31.0,-0.5,0.5,68,2026120268,0,,,,,0.5055413560003217
-31.0,-0.5,0.5,69,2026120269,0,,,,,0.5140588849999403
-31.0,-0.5,0.5,73,2026120273,0,,,,,0.047070855000129086
-31.0,-0.5,0.5,74,2026120274,0,,,,,0.05477331799920648
-31.0,-0.5,0.5,70,2026120270,0,,,,,0.5278517220003778
-31.0,-0.5,0.5,71,2026120271,0,,,,,0.5293270709998978
-31.0,-0.5,0.5,72,2026120272,1,K1ABC FN42 33,-30,0,10.140200,0.25447369500034256
-31.0,-0.5,0.5,75,2026120275,0,,,,,0.5349638119996598
-31.0,-0.5,0.5,76,2026120276,0,,,,,0.5354122729995652
-31.0,-0.5,0.5,77,2026120277,0,,,,,0.5506137319998743
-31.0,-0.5,0.5,78,2026120278,0,,,,,0.5536940879992471
-31.0,-0.5,0.5,82,2026120282,0,,,,,0.042989083000065875
-31.0,-0.5,0.5,83,2026120283,1,K1ABC FN42 33,-30,0,10.140200,0.06968898800005263
-31.0,-0.5,0.5,84,2026120284,0,,,,,0.048351492000620055
-31.0,-0.5,0.5,80,2026120280,0,,,,,0.44063369400009833
-31.0,-0.5,0.5,79,2026120279,0,,,,,0.5288906610003323
-31.0,-0.5,0.5,81,2026120281,0,,,,,0.5389182320004693
-31.0,-0.5,0.5,85,2026120285,0,,,,,0.45019709700045496
-31.0,-0.5,0.5,86,2026120286,0,,,,,0.524581959999523
-31.0,-0.5,0.5,87,2026120287,0,,,,,0.518265405999955
-31.0,-0.5,0.5,89,2026120289,0,,,,,0.42601844999990135
-31.0,-0.5,0.5,88,2026120288,0,,,,,0.5197891220004749
-31.0,-0.5,0.5,90,2026120290,0,,,,,0.4135145760001251
-31.0,-0.5,0.5,91,2026120291,0,,,,,0.4322324269996898
-31.0,-0.5,0.5,92,2026120292,0,,,,,0.437419539000075
-31.0,-0.5,0.5,96,2026120296,0,,,,,0.0386947049992159
-31.0,-0.5,0.5,93,2026120293,0,,,,,0.5168542960000195
-31.0,-0.5,0.5,94,2026120294,0,,,,,0.43770449200019357
-31.0,-0.5,0.5,95,2026120295,0,,,,,0.5026196219996564
-31.0,-0.5,0.5,97,2026120297,0,,,,,0.5186459179994927
-31.0,-0.5,0.5,98,2026120298,0,,,,,0.5203857430005883
-31.0,-0.5,0.5,99,2026120299,0,,,,,0.41085915099938575
