replicate,mean_brier_amp_minus_phase
1,0.005236038676786991
2,0.007686538524838265
3,0.006075384819530286
4,0.005631220030775694
5,0.007485831154522698
6,0.008124891653431502
7,0.007041022571912687
8,0.007066684577580096
9,0.00566676656577863
10,0.0062760180958624885
11,0.005968473510561869
12,0.006992883077878711
13,0.007624083249388432
14,0.0029461711401187595
15,0.005867656738125051
16,0.007341650349666313
17,0.0056974469734841805
18,0.005201891479119964
19,0.004939769373126222
20,0.006372402663907762
21,0.00610249448470141
22,0.007030842108134736
23,0.005466601195888958
24,0.003590906698344578
25,0.007055058125643849
26,0.008526617617406283
27,0.005819044097512303
28,0.006904230703141173
29,0.0063781367096032845
30,0.006811248700752133
31,0.007565736892848711
32,0.005234940971877133
33,0.005134990454949753
34,0.005669031687031924
35,0.00656151116679537
36,0.004909073173577846
37,0.00530831463621379
38,0.005441556601275177
39,0.006831399549008813
40,0.00782531180581425
41,0.005364315150457112
42,0.006872071006156275
43,0.008338909195070639
44,0.007477110110503818
45,0.004935111893037684
46,0.006934136236926758
47,0.005604308326189243
48,0.004996186032285762
49,0.006175988635997676
50,0.004861272909901475
51,0.004036019794528475
52,0.005268937355312154
53,0.006311513674338957
54,0.0047934563945812745
55,0.005425647698742882
56,0.005312299976790592
57,0.006544094625443918
58,0.007549086373743006
59,0.0050051089498150386
60,0.00536182668293547
61,0.005171289962201126
62,0.0053990141331417794
63,0.0035318272226853137
64,0.005476238983835779
65,0.006177201708527958
66,0.006364567794118765
67,0.005652885521318168
68,0.006423477161513541
69,0.007177597847680926
70,0.003076830736223125
71,0.006461503847416198
72,0.004105148640611653
73,0.004825734683674076
74,0.005755381654132637
75,0.00621606911353006
76,0.006363027681868414
77,0.0067735531849699255
78,0.004606680538031603
79,0.0057128111442453725
80,0.005956679163728248
81,0.003744626104143955
82,0.005098860202662171
83,0.007038863314352752
84,0.007064397241528115
85,0.005416445614217888
86,0.005332580205389698
87,0.005087598324944527
88,0.00586344312131763
89,0.006868384843751684
90,0.005727471692424341
91,0.005855795858594065
92,0.0026079004658579414
93,0.00602542516436807
94,0.006717901700242258
95,0.00470070597794046
96,0.008349218543532773
97,0.004509973817868177
98,0.005063561122747205
99,0.003048002219431571
100,0.006330329028419603
101,0.006457021304030821
102,0.006144451504413817
103,0.006488357854919252
104,0.005567853124831833
105,0.003927861009198386
106,0.005489735724497141
107,0.005819307068856335
108,0.0035029436429912294
109,0.00540682731748566
110,0.0032080780477616185
111,0.003620617920434624
112,0.0074601730523832545
113,0.006950648891345007
114,0.006927810688838709
115,0.005511065319801439
116,0.006087342830699422
117,0.0062419260690066295
118,0.007222973220925179
119,0.006739608733840368
120,0.006174498937998526
121,0.008161762338667349
122,0.003513686588361738
123,0.006422622340184946
124,0.004256625433439771
125,0.005863903669516592
126,0.007238634423029307
127,0.0029844827134628163
128,0.0061627711073030545
129,0.00556704522176211
130,0.005971691973074857
131,0.008703871100583639
132,0.006635398452617506
133,0.00490211775139773
134,0.006486170157132332
135,0.005026262759035208
136,0.002985009417292254
137,0.007267252600309026
138,0.005494289113696265
139,0.006300834039537196
140,0.005911298295473092
141,0.005359246693308319
142,0.007370511991199898
143,0.004833797232391281
144,0.006112500824912035
145,0.006913966356310002
146,0.004878078494495891
147,0.005332971291394858
148,0.005073280329748344
149,0.0065351973226829025
150,0.008021637439543905
151,0.006474005482951813
152,0.003936742864615316
153,0.0066588351060297155
154,0.006142977947872321
155,0.00560547510352876
156,0.005043186467515499
157,0.005284541488136794
158,0.007022881428555496
159,0.004849016984372656
160,0.006545833250190607
161,0.006367758539071612
162,0.007965247203046606
163,0.006104490283225938
164,0.005412644389063568
165,0.0059355818430147905
166,0.0036731225304541242
167,0.007215771442527656
168,0.005979174968500727
169,0.005310471997832525
170,0.005771438986718057
171,0.005727393506140902
172,0.005527048107901012
173,0.006716194189899959
174,0.006194125603877294
175,0.004964574585283546
176,0.0062146562180158465
177,0.005443750652112378
178,0.007467256979552648
179,0.005388864931037189
180,0.009133827194279152
181,0.006303751380444984
182,0.007498011887340714
183,0.004699276207451104
184,0.004073989910137396
185,0.006468193046352944
186,0.006317233181423532
187,0.003453961385289021
188,0.005752534272919263
189,0.007902529640254388
190,0.0057659148927208135
191,0.006817287330311852
192,0.006719307693540004
193,0.0058757072608059385
194,0.007755834861684515
195,0.0069039167723078665
196,0.007010947754432758
197,0.00615177813192577
198,0.005788704724728943
199,0.00530714420490449
200,0.007501904273102591
201,0.0041460271096720016
202,0.004932435379597484
203,0.007034055223213853
204,0.004941478389853071
205,0.005205741723552585
206,0.0066848146239289604
207,0.007373715193610599
208,0.007777117674226802
209,0.005565211152106961
210,0.005714733393806789
211,0.005688026360380209
212,0.004940236619925741
213,0.005256146991318317
214,0.004303501670463935
215,0.0063806949399190386
216,0.006137332713946937
217,0.007165005902826986
218,0.007505671390652097
219,0.006187774689793492
220,0.006944721723778459
221,0.007026315598455843
222,0.00567419695085479
223,0.005419822780267311
224,0.005915929290482139
225,0.006810475977499709
226,0.004946322613197032
227,0.005411212730975184
228,0.0050382256599718475
229,0.006709280060279129
230,0.004762916134980685
231,0.004410630147492743
232,0.005504543906527849
233,0.005060367995435446
234,0.005288715941234157
235,0.006563099258135982
236,0.00721101237469451
237,0.005490931088063672
238,0.0043198773683046695
239,0.008602639576179497
240,0.006004639626873963
241,0.004050892866092718
242,0.006185416776513617
243,0.00470914386036793
244,0.005824037253506433
245,0.005179009953632646
246,0.005281382131325429
247,0.0045213483868267335
248,0.005874221508229869
249,0.006167788806303258
250,0.007359022978353127
251,0.0062750387960803745
252,0.006247174503432197
253,0.0034060021002102025
254,0.007290579159179764
255,0.006702704543005209
256,0.0042780998294304545
257,0.005587240922540828
258,0.006044970987293416
259,0.006221259387344778
260,0.005158989414919157
261,0.0047026151671613
262,0.004796484569377536
263,0.005575454843374184
264,0.00733291262290737
265,0.005228884014056876
266,0.00681247940107635
267,0.007263480310324385
268,0.005091872624391295
269,0.006465973171859505
270,0.006760893389749434
271,0.0064551696594917895
272,0.008693157796244877
273,0.006661535520151338
274,0.007152402055827096
275,0.007526186838324588
276,0.004505813824336372
277,0.004700385321038622
278,0.006622119299393515
279,0.008113329900851753
280,0.00631823533187956
281,0.0066359151548212834
282,0.004114758820928711
283,0.0043334064682394305
284,0.005801977002952962
285,0.006230023948852316
286,0.0059460281755094576
287,0.008714514120540362
288,0.006723576497372553
289,0.0056455030667510245
290,0.005963559876097161
291,0.005274928454971877
292,0.005638779141167893
293,0.005628711742391124
294,0.006034753367580616
295,0.007342664629916936
296,0.004265874992397124
297,0.00609277561883982
298,0.005707992724870734
299,0.00591049987888731
300,0.006749766182961961
301,0.004925837467157218
302,0.006365574411466186
303,0.006680663328767307
304,0.004056461566409239
305,0.006773100683691343
306,0.005360023318731282
307,0.008119392480632124
308,0.00856809969782774
309,0.006615412426373715
310,0.005095989012210302
311,0.006421359767026065
312,0.0049351487782527525
313,0.007531762160964428
314,0.005861875233153373
315,0.0071991172134778835
316,0.005759800760498434
317,0.003922526912892058
318,0.0044527562070514875
319,0.006885552565602296
320,0.005962341849437082
321,0.005744907448804806
322,0.005326568573940621
323,0.008171981777828779
324,0.00440776434715975
325,0.006731674782443655
326,0.006841924532763386
327,0.004363872247639961
328,0.007734101751705521
329,0.006010564613270404
330,0.005577371278295074
331,0.006457523582200033
332,0.005187668346090824
333,0.004267662350991224
334,0.007655204279381776
335,0.00737717067535525
336,0.005323102139068456
337,0.004447476948189786
338,0.004291727581534781
339,0.00647379088734718
340,0.004136875724030338
341,0.0052031142485010175
342,0.009025136537741868
343,0.007242842980345678
344,0.005313188920857242
345,0.006714432573477724
346,0.007687320061162506
347,0.006347714850751177
348,0.005993646587190689
349,0.003011257767743635
350,0.0065802776262428
351,0.00819839113953337
352,0.006080745304977827
353,0.006166149321488775
354,0.004962513117411408
355,0.005318713139235351
356,0.005011036009565359
357,0.005202613678251147
358,0.00554332301385304
359,0.007712653083839856
360,0.0037796585984318475
361,0.005074538916526894
362,0.005410468217030859
363,0.0061413038859723925
364,0.003651483481227974
365,0.0065054970923729034
366,0.0059396455482418065
367,0.004970567396053361
368,0.008568718253237151
369,0.006707819333494821
370,0.006017024757087333
371,0.006013474080978651
372,0.005447171095167731
373,0.005691066036645663
374,0.003868307170087196
375,0.00396827521196733
376,0.006015224733985773
377,0.005472579417759301
378,0.006070753007973707
379,0.007295932466539227
380,0.007549132228855977
381,0.005886217807404704
382,0.00789810171066329
383,0.005923425987414697
384,0.00805350912331645
385,0.006681504980653742
386,0.005988718144266848
387,0.002993631057467875
388,0.005724487686895016
389,0.008051370338203617
390,0.004888862186014076
391,0.006720164597206466
392,0.00500174970549616
393,0.005013516040494286
394,0.003442709516406129
395,0.007282708705341407
396,0.006124115104437293
397,0.007101547659519838
398,0.0046468494900201215
399,0.005455649889135345
400,0.006354238487554978
401,0.003280851591075587
402,0.0028827838579997865
403,0.005045409947350766
404,0.004103361741984741
405,0.006783327232328212
406,0.005066559762102691
407,0.007505913823501444
408,0.007145084445120367
409,0.007611626130881774
410,0.004865258743019587
411,0.006793085203061625
412,0.004831302489400307
413,0.007242549701343521
414,0.005223794885001129
415,0.007112099565391408
416,0.004578031259821615
417,0.007751642163677672
418,0.00507791722559997
419,0.007710581218414828
420,0.007277152745831969
421,0.00679292118591915
422,0.004102199165535766
423,0.004171158903445872
424,0.006063388026225897
425,0.004889506873412753
426,0.006836335819715456
427,0.003925082341983174
428,0.007405669465668314
429,0.0033722648733729285
430,0.0043569008212894335
431,0.005187232795358403
432,0.005354976218024114
433,0.004546926638782968
434,0.00446263830247886
435,0.006469620750862183
436,0.007819386884084923
437,0.005741892233381591
438,0.006096903000205565
439,0.004295784082800172
440,0.00446751850982295
441,0.007568382834627416
442,0.005456532046599541
443,0.00694764570115215
444,0.006546570804556237
445,0.00750847756223709
446,0.005815164814485552
447,0.005246212682302986
448,0.005574749716856189
449,0.005391979322892466
450,0.005775897457799845
451,0.007146320181016263
452,0.004977491540778566
453,0.005011522740271199
454,0.004813760646031234
455,0.004228836594545285
456,0.0077783568892673734
457,0.006441725207051017
458,0.0053796766960221825
459,0.003611502042674502
460,0.005258701069073085
461,0.006357099386030073
462,0.0064425394652455805
463,0.005935316238202183
464,0.0045141875468710175
465,0.0056751901890100265
466,0.008009068489221654
467,0.005463889520853248
468,0.006934895571983482
469,0.0048813932093430676
470,0.006979788665379166
471,0.006683821945100847
472,0.005381221618550948
473,0.005511425486208421
474,0.007917206396599654
475,0.006150275078007469
476,0.004872510817067125
477,0.007305892388763925
478,0.006511181039199783
479,0.006161538374521933
480,0.006317452088321645
481,0.005151658276287195
482,0.006833469872310404
483,0.006751990907742332
484,0.006730882954422048
485,0.005847515045851933
486,0.005020227738318276
487,0.0023042659977963753
488,0.006613433362402714
489,0.007551210157925902
490,0.005710909674876296
491,0.006302617271666782
492,0.006806155050452496
493,0.0045194353210693365
494,0.007745874307583252
495,0.006519887982996545
496,0.006469744278077181
497,0.005867817820017651
498,0.005517613163611265
499,0.006232032821396346
500,0.0067837117128900105
501,0.006475454468459371
502,0.006110600225015071
503,0.006727518632083824
504,0.0061754966119130575
505,0.007187047884443857
506,0.007900094474536429
507,0.00417594160242914
508,0.007848475752869573
509,0.0059202834620131406
510,0.00508390355135846
511,0.0058032749312907665
512,0.00712832676784356
513,0.007159243863060779
514,0.003617700786620464
515,0.007035831172277348
516,0.007177099976424445
517,0.005516038064416614
518,0.005166426307541216
519,0.008469283149010385
520,0.005540803388073121
521,0.007845248262593295
522,0.0053357966084347916
523,0.004235748195977229
524,0.00804022824093571
525,0.004658716148990398
526,0.006081386730436142
527,0.007606714195390279
528,0.0077235113553745195
529,0.005205690323371495
530,0.0062545271320202074
531,0.006572588030919019
532,0.004648716512213847
533,0.006445168898631295
534,0.006273518650196205
535,0.007300251647424197
536,0.006843332323563594
537,0.002951896435038393
538,0.007306045463571031
539,0.004807246541692666
540,0.006782589548662633
541,0.005507345736790874
542,0.00475336222132089
543,0.0060872924615095175
544,0.004973438542552666
545,0.004544436633667224
546,0.0053462959423822625
547,0.007301126220955765
548,0.009288807549935657
549,0.004901118638598291
550,0.006029673578426592
551,0.006457911592127758
552,0.00496658256388429
553,0.00634392565903862
554,0.006542675233193748
555,0.006878033298404305
556,0.006568124731764635
557,0.005881056219371181
558,0.006937372795962605
559,0.006129172289802357
560,0.006572508636352669
561,0.006422445070498793
562,0.0053037349082744115
563,0.005039014641927745
564,0.0041060821443794126
565,0.006201530541673765
566,0.0062776565445704195
567,0.006538071263953922
568,0.005883954829279278
569,0.005126283354619649
570,0.004756165217192316
571,0.006800761982129546
572,0.005697270017533739
573,0.004496799762182745
574,0.00411315614538852
575,0.004302492120931427
576,0.006199326004402202
577,0.008290070233570082
578,0.005686416088426462
579,0.004786678017125078
580,0.0062081800108527525
581,0.007426349368162776
582,0.0053882178554072934
583,0.005945713690409773
584,0.005968557495254811
585,0.009361257883169978
586,0.006246127458272605
587,0.007904406964503367
588,0.0064058535397547595
589,0.006615621016840626
590,0.004098626983026969
591,0.007302924172094004
592,0.005071133491351741
593,0.008164330034365468
594,0.007038678155213538
595,0.005201799536829696
596,0.0055502662303442635
597,0.005194238170159531
598,0.004663425295428623
599,0.005606359763956305
600,0.006478907935592033
601,0.005963159003739984
602,0.006214807540135268
603,0.005429726315288647
604,0.0032668229490241452
605,0.006577274247317727
606,0.0066268672734918575
607,0.0069685352087410024
608,0.0060467180552217625
609,0.006817603840203969
610,0.006037637761862094
611,0.0047423956415673625
612,0.005724488240663116
613,0.005503607581420532
614,0.006972752778567065
615,0.007843639537865805
616,0.0052115129334483964
617,0.005593851043501086
618,0.007104652351414155
619,0.005350085392329265
620,0.005492744989231158
621,0.005602512032365769
622,0.005319168741170939
623,0.006348307373232589
624,0.00587465467695941
625,0.005762094183774381
626,0.005277519850793873
627,0.007102879701852983
628,0.0073513734508581265
629,0.006648876295818466
630,0.005584846038714836
631,0.007147626921949733
632,0.007270728579453277
633,0.0039452728481250195
634,0.005584295837901607
635,0.005637896507848017
636,0.005824255230097057
637,0.0056255647883831
638,0.002871904545096928
639,0.007633492581641684
640,0.005687906381320986
641,0.004517079483292789
642,0.005438688700430916
643,0.005753237925832059
644,0.007585298730953073
645,0.006434726389287474
646,0.006091998113306455
647,0.005802150110576626
648,0.007073022883287291
649,0.005932978319211504
650,0.007418737865104361
651,0.005746077128001461
652,0.0049981288238885565
653,0.0059717059496205045
654,0.00405159747894325
655,0.006001594458990588
656,0.006377513897463084
657,0.007848009793262868
658,0.004999232744622485
659,0.007212990278747354
660,0.005582623501586472
661,0.006166057357861458
662,0.006194081176099658
663,0.005390133865423458
664,0.006010327296933301
665,0.005193281042277902
666,0.007889492622345586
667,0.007027502937531532
668,0.006648332312231567
669,0.005624383754044241
670,0.006354513409745832
671,0.005739859458944243
672,0.008164298364651683
673,0.004428464252488599
674,0.005749770316599092
675,0.007181305432097461
676,0.004183679360697699
677,0.00401847829279983
678,0.004148073967620411
679,0.007047052392555109
680,0.0073037038239395545
681,0.0054939151560845995
682,0.0061239728056733615
683,0.004840408624078105
684,0.007623525760841315
685,0.007177969764148722
686,0.0055501963588903275
687,0.005599153762128093
688,0.006655731373020302
689,0.005558895941193235
690,0.0032826831383794804
691,0.00577877415026762
692,0.0048432901510745245
693,0.006700178604845948
694,0.007449314441088957
695,0.009009300715218155
696,0.007342208020564922
697,0.006330503363590217
698,0.004926297134143915
699,0.005822583668461776
700,0.008014824615037474
701,0.004661710758780819
702,0.007399558682343905
703,0.005999753768257675
704,0.006087016560143105
705,0.0047245883891500595
706,0.005260611012329377
707,0.008116505572598222
708,0.0038808147549667282
709,0.007616761713107928
710,0.005821205753453614
711,0.006467987416376931
712,0.006513341105986686
713,0.007016158775871232
714,0.007396661095985863
715,0.0048187079068994325
716,0.005109063538950638
717,0.006314771395961006
718,0.00611467319813729
719,0.005609826907632907
720,0.007126227976767705
721,0.005897002817068835
722,0.004175253950140228
723,0.0068259583554075905
724,0.007311563372069441
725,0.006288760061044035
726,0.004744380517324472
727,0.006168142783806816
728,0.007981682205048274
729,0.005655268426682463
730,0.00765363204107814
731,0.004539594304025845
732,0.0050790030035579746
733,0.004826085593549994
734,0.005684242585314323
735,0.005183804904141993
736,0.00646376771247994
737,0.004465444333058766
738,0.005230371792016492
739,0.006257997248885103
740,0.006563881451087468
741,0.004750002842236608
742,0.007734548537159102
743,0.006076070692430447
744,0.006519589677543929
745,0.007001062839701272
746,0.005608084897032789
747,0.002784933090556855
748,0.009060248562272508
749,0.0050722132662215785
750,0.007044415907716638
751,0.006035247184110489
752,0.004892295774939063
753,0.006511372486958167
754,0.0058006308037311495
755,0.00767707766676493
756,0.006536392017478361
757,0.005014532963129171
758,0.005335171820042928
759,0.009586494482673444
760,0.007126041320569424
761,0.005270640639343592
762,0.005343196525507227
763,0.0078102591047871745
764,0.006416341024765759
765,0.006230260195922527
766,0.005930624869846231
767,0.005658043476582731
768,0.006751992928396638
769,0.005053277640208476
770,0.006005885076728688
771,0.006161556903395507
772,0.0072663772270149755
773,0.005802791257471743
774,0.006707027567994191
775,0.007786643082016778
776,0.008598051650215812
777,0.0051550462721242085
778,0.0048793358256083285
779,0.006082520771934652
780,0.006071194885612514
781,0.005928273100768652
782,0.007742317825025215
783,0.0068310501324082545
784,0.004817286680221557
785,0.005391984064219732
786,0.0066781149420449114
787,0.005937601540122034
788,0.004110823632772845
789,0.005640922911065743
790,0.007239540481859524
791,0.005407350695230579
792,0.004935518094330677
793,0.00716550963251322
794,0.006210214960089493
795,0.004568873195468594
796,0.006019508286346066
797,0.0057718314586483075
798,0.00479310047170357
799,0.004875324507527466
800,0.005889610576298063
801,0.00737580021582755
802,0.00700076882385687
803,0.00722460085214501
804,0.0063788905965467034
805,0.007549416141694694
806,0.0050015056334499295
807,0.004817936112289218
808,0.007477308689824393
809,0.005741584512760985
810,0.004846580329285952
811,0.006570907993862461
812,0.0060448890474764545
813,0.008848193353977955
814,0.007707986242513172
815,0.00622501483027719
816,0.006458444018873106
817,0.0037513403372476765
818,0.005750214674576889
819,0.005851327479743249
820,0.007305349969241327
821,0.008498706683538061
822,0.0052043662608571494
823,0.006173532884009854
824,0.007834167742569287
825,0.007695160780837696
826,0.004647520806050657
827,0.00621824663720077
828,0.004311775579247443
829,0.0070186943357495556
830,0.00492906762981176
831,0.005986081369635135
832,0.005234161374775745
833,0.006355077790624985
834,0.0072486924161779855
835,0.006339100023335491
836,0.0037213005348806535
837,0.004787208622291354
838,0.00561713199003987
839,0.005618820465394813
840,0.006124778363651318
841,0.00756198432718206
842,0.00452530854603897
843,0.009953138012545553
844,0.002890490791105106
845,0.004701680429959173
846,0.005040073261101645
847,0.0065072842588928675
848,0.0070459216926036985
849,0.004102817082059255
850,0.005474715525219252
851,0.0059057231683813
852,0.006229807755377955
853,0.004868557044240123
854,0.00659831969357208
855,0.006630124012117526
856,0.0065756510516793085
857,0.00657332300009238
858,0.006443891005265639
859,0.005527565301384516
860,0.005275738625367612
861,0.004285927865870234
862,0.004746851833996436
863,0.003707086444430398
864,0.007516870186030173
865,0.007459765340180303
866,0.006347504934543426
867,0.007123305922089433
868,0.008036764451662494
869,0.0052076956548773295
870,0.006263009338348045
871,0.006464777693960679
872,0.005615610077835797
873,0.006630118015941261
874,0.0038546141976605447
875,0.003877566591469564
876,0.006656050873296893
877,0.005506872574423264
878,0.006960914254860296
879,0.006962315335645324
880,0.004871907863230827
881,0.004903015207697617
882,0.005650867926763847
883,0.004863314842740004
884,0.0062353609878935
885,0.004567131570178835
886,0.005175271321600415
887,0.006651085217061566
888,0.005961567775621667
889,0.006615791111601421
890,0.00544806523966456
891,0.005552491689072405
892,0.006695487604734779
893,0.008110595626160797
894,0.0061866747996233065
895,0.005538037898223486
896,0.006714119956262145
897,0.005484647943785357
898,0.006825952451010544
899,0.005847197106750628
900,0.007161445426600252
901,0.006696738288256553
902,0.006374630238244701
903,0.005422598545570087
904,0.006272990745129688
905,0.006374944384634061
906,0.004430851487804136
907,0.005319525343021238
908,0.0053008444152455045
909,0.006609113512186564
910,0.005770493165244616
911,0.0071738539266736675
912,0.00502064989519554
913,0.005248823264921602
914,0.006553284417174555
915,0.005289027766022867
916,0.0023908621136831845
917,0.005260586535698354
918,0.006886124180363119
919,0.003261840004819881
920,0.00466713639436595
921,0.005830835764876846
922,0.006726833410405425
923,0.009916381033581525
924,0.005909473104734648
925,0.008632569404078166
926,0.005765110266226046
927,0.007737291808394559
928,0.006050009326630819
929,0.006544041864122727
930,0.005970217805262103
931,0.0051942258414405815
932,0.007128248322819985
933,0.00420835941493691
934,0.005230638283364168
935,0.006965243233509404
936,0.005692143309051744
937,0.004757211305314732
938,0.005205062327460459
939,0.007179019565953333
940,0.006620643330970355
941,0.007898033686041432
942,0.004572060361143876
943,0.0037397421193790296
944,0.006705428319054892
945,0.007461230968840634
946,0.0074927263221450345
947,0.005162130845288346
948,0.006897955472945141
949,0.0061402771225023065
950,0.005760792525852316
951,0.004454225897527946
952,0.006744036544567304
953,0.005972716866329894
954,0.005961881299212621
955,0.005632941775520183
956,0.006347241594833998
957,0.00617247338827586
958,0.00807991948498768
959,0.006921360551744946
960,0.007502000425038049
961,0.005657365860944743
962,0.006717955698239476
963,0.005103253859868772
964,0.006449972851961713
965,0.0051397458740946094
966,0.0054377840719437125
967,0.007385536683730209
968,0.004936839352712363
969,0.00569223231909438
970,0.007820388426386899
971,0.00625206489291325
972,0.00592701100138281
973,0.007346957019779425
974,0.004661532197792132
975,0.005004831181563037
976,0.006286245227466456
977,0.004988343925402791
978,0.006281160631561823
979,0.0055876937036070376
980,0.005052119147441246
981,0.005368058918175355
982,0.006907324348012455
983,0.006475444902744778
984,0.005014471751163314
985,0.00619495269400119
986,0.0042893679284975225
987,0.0048135573700707705
988,0.005083268001106934
989,0.006305556862192115
990,0.006823818604875904
991,0.0018414973877646764
992,0.006478485694790199
993,0.006744706951374125
994,0.00679913774160892
995,0.005836519040421295
996,0.005438248833390072
997,0.007977376611867346
998,0.0037855930314209694
999,0.005029814384993248
1000,0.005410287177524831
1001,0.007220507344164211
1002,0.005908084224479778
1003,0.005359543235299566
1004,0.0053881247012880695
1005,0.006321934770200168
1006,0.005605789650960632
1007,0.005599877179702599
1008,0.00530368006252
1009,0.0046683918688370865
1010,0.005946030428449312
1011,0.0058706375180538695
1012,0.005647697752272387
1013,0.006533146724164363
1014,0.006004965359547391
1015,0.006364976534850794
1016,0.005198502121752515
1017,0.005948902564039308
1018,0.007311824553181617
1019,0.009390408820387382
1020,0.008283060985936676
1021,0.006850324940033042
1022,0.006096545900584023
1023,0.004395492939246538
1024,0.005176398933345515
1025,0.00698025643368903
1026,0.007406629987742338
1027,0.006751564598897622
1028,0.006271045612631492
1029,0.004874014319576746
1030,0.007085209607884822
1031,0.0059153471336226985
1032,0.00548096038620616
1033,0.0036330177781507753
1034,0.00848194604009232
1035,0.007191619993408817
1036,0.005135371912853808
1037,0.00646058775391379
1038,0.0055419362260891
1039,0.006567274827789236
1040,0.007441260533916354
1041,0.0027757559407961185
1042,0.004837950958719679
1043,0.005911059852389197
1044,0.00631099455019086
1045,0.005418364949764459
1046,0.006204708510729089
1047,0.0058955170159941585
1048,0.006499517125209164
1049,0.004987729672386251
1050,0.00682531332594233
1051,0.006704728107542111
1052,0.005630808446351334
1053,0.007093259922664567
1054,0.006256065532495773
1055,0.006968065687163508
1056,0.005053915928487749
1057,0.00590617552014314
1058,0.0054093775093611305
1059,0.006112669104518858
1060,0.005293731888771899
1061,0.005367894350634066
1062,0.008662660324751255
1063,0.004382711818871865
1064,0.006687251268989697
1065,0.00588247639059337
1066,0.006432688245874859
1067,0.0042183426878203145
1068,0.005282333059234374
1069,0.008011019162160954
1070,0.003935841624145812
1071,0.006070625518214859
1072,0.003789010740926199
1073,0.005403229363207022
1074,0.008770021380342953
1075,0.007890022010525912
1076,0.006427570198233968
1077,0.005866593561582532
1078,0.006143911579821044
1079,0.007341213300370467
1080,0.0044450890244524975
1081,0.005332221567611113
1082,0.006835949585206927
1083,0.008971015236112649
1084,0.006974405597066041
1085,0.005691084103263858
1086,0.00474347787183495
1087,0.006420841574011934
1088,0.005282684819547698
1089,0.007260098482497109
1090,0.007777407792537931
1091,0.0065984367434187615
1092,0.007304942410249398
1093,0.003975138937746206
1094,0.0077885844353640645
1095,0.00600850834872466
1096,0.006991235707720774
1097,0.008659053673971118
1098,0.005833650029740873
1099,0.005089748079046655
1100,0.007900569689077194
1101,0.006683828107632117
1102,0.005753006662153337
1103,0.0053189065888938816
1104,0.006477496590812853
1105,0.00588946305793855
1106,0.004750854550566547
1107,0.00471806475920701
1108,0.006464749819335426
1109,0.006036389812039441
1110,0.00676844113948043
1111,0.006963745676175611
1112,0.008007455702544726
1113,0.006044995943350406
1114,0.006343159358189346
1115,0.0045532214487536485
1116,0.007261405948651643
1117,0.006711722008595658
1118,0.006710421541233664
1119,0.005357434933024597
1120,0.004126543389516099
1121,0.006579293399609976
1122,0.006637598358665451
1123,0.006497100148778607
1124,0.0029488613466184363
1125,0.00737121385353736
1126,0.004832421085083939
1127,0.005795587907767442
1128,0.007010182785199491
1129,0.006947399250481423
1130,0.007754397048615522
1131,0.006028816472796985
1132,0.004897056845292161
1133,0.0034835665637057336
1134,0.008410521459719584
1135,0.006202120519525583
1136,0.005783671482169678
1137,0.005495035243246512
1138,0.005757893587460238
1139,0.007554038852767898
1140,0.006987717512865248
1141,0.006469994034932164
1142,0.003990546465495984
1143,0.004757866710283468
1144,0.006818882290560275
1145,0.0065971203063902775
1146,0.008426118885672495
1147,0.006759218284793929
1148,0.007360359256001926
1149,0.006096615938970788
1150,0.006641112521526967
1151,0.005622477248582629
1152,0.00478025597831489
1153,0.007896604062992736
1154,0.005600949825878771
1155,0.007561510583156828
1156,0.006386786990994613
1157,0.0072369358127309415
1158,0.006488756337876361
1159,0.00674547509569545
1160,0.006158899832609276
1161,0.005231394802238088
1162,0.005832967759741987
1163,0.0057928377074892455
1164,0.007043610692829553
1165,0.0048372024660818785
1166,0.006106539796832524
1167,0.005323897789307028
1168,0.005849271333700643
1169,0.007504222139761647
1170,0.005870683289672811
1171,0.0074704810971832625
1172,0.005029879441709632
1173,0.007725926100631643
1174,0.005893468092033177
1175,0.007248479488386366
1176,0.00510827966710566
1177,0.0052839220772231054
1178,0.006222376084841258
1179,0.004016310591187738
1180,0.006721917565055466
1181,0.005758124522549011
1182,0.005072018939282167
1183,0.005287820772978673
1184,0.007243282140825796
1185,0.006197306102739325
1186,0.007181139685409576
1187,0.005262012118592322
1188,0.008589109165079305
1189,0.0036137578461904346
1190,0.00897040294804266
1191,0.006298656651307097
1192,0.004855775362336935
1193,0.007033567553594293
1194,0.003915376531041187
1195,0.006007542788077071
1196,0.004081592288720112
1197,0.006616764046684757
1198,0.006582541779457551
1199,0.0060880658754078045
1200,0.006219373665546253
1201,0.007127151915575015
1202,0.0053210317660582415
1203,0.008204188858811754
1204,0.009596488982181095
1205,0.006394625023268874
1206,0.006708547737478886
1207,0.005095983570082312
1208,0.005049367753613104
1209,0.006549635629762296
1210,0.0068512411991308005
1211,0.005688579080608434
1212,0.00501869195144639
1213,0.003942103269246168
1214,0.006795667941435487
1215,0.00632988645601309
1216,0.007100622985059019
1217,0.0053002951414360035
1218,0.006067233867342767
1219,0.007265940413536294
1220,0.005979073561850688
1221,0.006054895248955039
1222,0.0065544311009919625
1223,0.005346081367319201
1224,0.006294231741914795
1225,0.005314696331537935
1226,0.004993317868986359
1227,0.00357462510230072
1228,0.00385087480126565
1229,0.00572076709234155
1230,0.006898082783113051
1231,0.005952671984007194
1232,0.006868849181379647
1233,0.005616513656958565
1234,0.00580785950953508
1235,0.006303045674295272
1236,0.005507541858617435
1237,0.005394236831430923
1238,0.00741060104157669
1239,0.006280362373622547
1240,0.005826997752991687
1241,0.007120008377580983
1242,0.004666089259563468
1243,0.004043248719108244
1244,0.005560428748877138
1245,0.0044533986228028725
1246,0.005874112781649543
1247,0.00675893847725406
1248,0.006926525594844352
1249,0.004782633407531055
1250,0.005872852034699381
1251,0.004015580480260474
1252,0.005967687633410686
1253,0.006638066553857681
1254,0.005011556653538945
1255,0.006455992069957711
1256,0.007149218342229769
1257,0.005139192846646695
1258,0.006617498169395906
1259,0.007505641152010845
1260,0.00599818817813307
1261,0.0044398803893488025
1262,0.0073435044395089005
1263,0.0059559063720992615
1264,0.005753320464901177
1265,0.007621173161259946
1266,0.003333258442718624
1267,0.007223489528285441
1268,0.006853053534801113
1269,0.005375899109185544
1270,0.007197924080423678
1271,0.007421699678473077
1272,0.005309104889908604
1273,0.004994932733197974
1274,0.005237572326372836
1275,0.004714076812092785
1276,0.0059013583248610025
1277,0.007138176836542295
1278,0.0029473276932458696
1279,0.004886673876316542
1280,0.004325140908037709
1281,0.005728464463667365
1282,0.0074651743368480215
1283,0.006231701735953495
1284,0.0056975109599702485
1285,0.005652104576111418
1286,0.006037875019961956
1287,0.005744769706115789
1288,0.006084433685625704
1289,0.004225669307300341
1290,0.007583031694528792
1291,0.005238740007493607
1292,0.006102870905693944
1293,0.004413786218530471
1294,0.008154151066971024
1295,0.0051764021246690104
1296,0.00860607935168833
1297,0.004375677313510917
1298,0.005495801820354511
1299,0.006825779500047092
1300,0.006077697782520373
1301,0.003430259663305067
1302,0.006613848008096523
1303,0.0056885334284903985
1304,0.005038372652868316
1305,0.008739003963324155
1306,0.004476432427066614
1307,0.0065696338858484155
1308,0.005388986758906803
1309,0.005673014680161866
1310,0.006249447206218735
1311,0.005742184597956213
1312,0.005609564176954509
1313,0.004757725188825606
1314,0.004614434352064975
1315,0.005486101226851965
1316,0.006467037038878799
1317,0.007686970064403763
1318,0.0051835821727659204
1319,0.0044223881707688125
1320,0.002122605319298696
1321,0.004199352576245331
1322,0.00534598439169307
1323,0.007338905228010203
1324,0.005478677363445244
1325,0.005751586289142173
1326,0.0059764748005419355
1327,0.003928609917523699
1328,0.003533423644418644
1329,0.0052766362078787
1330,0.00485159786750806
1331,0.005693974622388653
1332,0.005258023363748935
1333,0.009098193075409836
1334,0.005598556823516861
1335,0.004750533632664775
1336,0.0060491805582089725
1337,0.006622050723712733
1338,0.007721427703808265
1339,0.008346553306815094
1340,0.005009306925068622
1341,0.0036567055021365772
1342,0.0042803523974778365
1343,0.007742501273120141
1344,0.006719410635421637
1345,0.007120734487033457
1346,0.004802212694929548
1347,0.00504451894820786
1348,0.00494252919722903
1349,0.006581896106732669
1350,0.0062866125801701
1351,0.006101567408992238
1352,0.0065351567113636055
1353,0.004779738440508694
1354,0.00631196257174723
1355,0.004662121669921521
1356,0.005678432368408545
1357,0.00480564816331852
1358,0.003911212522784915
1359,0.005968634561651058
1360,0.005179809333125469
1361,0.006471596191773351
1362,0.007303534171988776
1363,0.00736654138124378
1364,0.006222485781747464
1365,0.007016746769651213
1366,0.00673356530761954
1367,0.008137676389262017
1368,0.007445747634895359
1369,0.004503518478973386
1370,0.00710574037217144
1371,0.007323922788950765
1372,0.0074058782620582825
1373,0.004640223272578257
1374,0.007922428222323703
1375,0.003843216813464598
1376,0.006857103331453372
1377,0.007091432330242872
1378,0.005715388647677112
1379,0.004645304227017573
1380,0.007076508227506579
1381,0.004738677864539156
1382,0.005767602751577005
1383,0.0050156233788122475
1384,0.006887273449181736
1385,0.008558572996766258
1386,0.00532595876765231
1387,0.007096165548479397
1388,0.005180996663788582
1389,0.008517220568673297
1390,0.006879900141231092
1391,0.007454346975521019
1392,0.006164700951056834
1393,0.007676003030345747
1394,0.0048804135042376
1395,0.006076944868701537
1396,0.0061158530965371395
1397,0.007094293497610603
1398,0.005015332596656725
1399,0.005804211771839452
1400,0.00446517651536821
1401,0.005666778582063884
1402,0.003922289023444268
1403,0.0069359278414283685
1404,0.0042257108792444695
1405,0.003800220522125104
1406,0.005761719106932771
1407,0.006955400634989484
1408,0.00750978273257113
1409,0.005031441487774379
1410,0.00636115194931047
1411,0.006241718307490148
1412,0.0055026180286201955
1413,0.0040192743370996795
1414,0.005770316223371277
1415,0.005857533992370257
1416,0.006613848994488741
1417,0.0075788071474965895
1418,0.006866570682406566
1419,0.006169712977825232
1420,0.004811375894911586
1421,0.005371994428773426
1422,0.006931090268181982
1423,0.004941204672386885
1424,0.007220353411895154
1425,0.004989361790658716
1426,0.007709845927375302
1427,0.005899433944505426
1428,0.005134611137503372
1429,0.004438629489294462
1430,0.008817188372257763
1431,0.005920994644248995
1432,0.006087720999845765
1433,0.005230597952396104
1434,0.00684522226387866
1435,0.0038332763311675192
1436,0.004741642852777091
1437,0.007371395736819787
1438,0.005391634512628553
1439,0.008008283480438414
1440,0.005403897029760191
1441,0.006297950371291934
1442,0.007076006807422027
1443,0.004801867099242974
1444,0.005826385370503728
1445,0.007739536133974782
1446,0.005899822112353172
1447,0.007878563380615378
1448,0.00554552838214285
1449,0.007035057087067204
1450,0.005317229176426693
1451,0.004312029748775065
1452,0.007018156824488654
1453,0.006463778417077871
1454,0.0060361120439118374
1455,0.00673941749584237
1456,0.006447190921769056
1457,0.007298192172819235
1458,0.00742047055059444
1459,0.004524496029483378
1460,0.004795590871923801
1461,0.008346279509134065
1462,0.007362137434106602
1463,0.007913321016215969
1464,0.0061247240574483445
1465,0.00747076189874818
1466,0.008065050106977726
1467,0.003949665129389081
1468,0.006656061574350784
1469,0.003900090051434779
1470,0.005766651874708558
1471,0.0063962335488321545
1472,0.005328593462831682
1473,0.007865751033044438
1474,0.00799838853335788
1475,0.006418252748760892
1476,0.005261315323311947
1477,0.0052716715404617
1478,0.005737132618543936
1479,0.00817864817373335
1480,0.005426444009138127
1481,0.004797845516325813
1482,0.006741583324232842
1483,0.005730954977094158
1484,0.008120958890080328
1485,0.006456313284004993
1486,0.0048535042095486204
1487,0.006211277031448998
1488,0.004605591016492583
1489,0.0076484894066890215
1490,0.007447141369486649
1491,0.002537052280331521
1492,0.008182691615947537
1493,0.009711962937039442
1494,0.005527407311773707
1495,0.006499442615942909
1496,0.005881014676909981
1497,0.006168554064519406
1498,0.007267064989607223
1499,0.004868304974357669
1500,0.0063355894709700555
1501,0.005598454854131887
1502,0.0051386242901295676
1503,0.0076419600998896085
1504,0.006447501735318664
1505,0.0052916232088712906
1506,0.006014742673514365
1507,0.006370059249625039
1508,0.004702430750520545
1509,0.007042562837638669
1510,0.008160618453401417
1511,0.0071235685784873165
1512,0.004513579974787163
1513,0.004724634852568834
1514,0.006461022807935027
1515,0.0068260781209600885
1516,0.006182853371959213
1517,0.0047091502402282605
1518,0.007695071254320057
1519,0.005664186789799654
1520,0.005805244149416648
1521,0.005267928546600618
1522,0.005904893613122044
1523,0.0064734492509524845
1524,0.006413710785312991
1525,0.008104556945672628
1526,0.005244528219402671
1527,0.006302436835232447
1528,0.008134521732887869
1529,0.00609737386689248
1530,0.004367805189200085
1531,0.005753758978464369
1532,0.004588617139435318
1533,0.0057394273254910855
1534,0.005602773982229683
1535,0.005923563283666616
1536,0.005582411112048222
1537,0.005527565701341948
1538,0.007251636448101688
1539,0.0054313733485356315
1540,0.006951991054944687
1541,0.0053173401603023775
1542,0.006294198941584947
1543,0.00701112410473226
1544,0.006458403442952847
1545,0.005068002730924206
1546,0.00794229835361143
1547,0.006036208561569505
1548,0.00579651420269974
1549,0.0059013078330838
1550,0.008663435435413428
1551,0.004551104808633158
1552,0.0064960217953774
1553,0.006950685570109274
1554,0.004354711686055495
1555,0.007510896556806844
1556,0.006302590344968149
1557,0.0076909163875498385
1558,0.004571565161734033
1559,0.0040403549193715185
1560,0.00711343033933205
1561,0.00457862623822395
1562,0.005816331561670028
1563,0.005028450609313651
1564,0.00709142419797445
1565,0.0063675890027660165
1566,0.004571129541481768
1567,0.003585499759909388
1568,0.007068769779262124
1569,0.0067373798963769405
1570,0.002941592334132667
1571,0.00565287252131647
1572,0.00651531249628565
1573,0.0060427717599771755
1574,0.008007554335012596
1575,0.00474182072700148
1576,0.005817405878801915
1577,0.006150808915622254
1578,0.005776798287254159
1579,0.005991341543523352
1580,0.00683547944844031
1581,0.00550490458213442
1582,0.005260505911068176
1583,0.006225367622123025
1584,0.006894662476003049
1585,0.004816003539906496
1586,0.005823899621389712
1587,0.006034469776521392
1588,0.0060617775507159286
1589,0.00629879579159452
1590,0.005046803086521681
1591,0.005045914250956688
1592,0.004110698074548989
1593,0.006073365720181901
1594,0.005028664238457916
1595,0.007284770821856637
1596,0.005229484480752133
1597,0.0058278098472883165
1598,0.00622952460764865
1599,0.006991107441136375
1600,0.006291271496093244
1601,0.0032607651720498653
1602,0.0049655876571866086
1603,0.006376014214406031
1604,0.005544859007424614
1605,0.007646809696131971
1606,0.0056883602381677814
1607,0.0056855479018125986
1608,0.006253228623894393
1609,0.007892312940310854
1610,0.006843014648977361
1611,0.0036753324474255848
1612,0.007104190610173899
1613,0.004386917160701473
1614,0.005361876001845349
1615,0.007753813456984116
1616,0.0038334233700503323
1617,0.006782727764585894
1618,0.0046015995433516315
1619,0.006313882151446703
1620,0.004965242023666297
1621,0.00431449018094236
1622,0.005807929870398766
1623,0.005373150926347551
1624,0.007122804397920042
1625,0.003962722358112478
1626,0.0064818402543891365
1627,0.006799872692660618
1628,0.005463299097975008
1629,0.007060072161519398
1630,0.004680419635463628
1631,0.006522452653307847
1632,0.005003006604023053
1633,0.008386945071496362
1634,0.004323161430398072
1635,0.007029885459652087
1636,0.0063327726182700024
1637,0.005640635835499536
1638,0.007053912669104598
1639,0.009048566714702711
1640,0.006475351933337458
1641,0.005588477515410624
1642,0.003991133218458499
1643,0.00547643459778166
1644,0.007400192215210553
1645,0.007195759392096317
1646,0.00519776793977114
1647,0.006269194324403057
1648,0.005857873914214054
1649,0.006301197457105668
1650,0.007004895723517194
1651,0.004513474776227542
1652,0.005899424951647613
1653,0.005976971540551811
1654,0.004168866541143844
1655,0.0037590130346093144
1656,0.006789001214910383
1657,0.005261707570658564
1658,0.007556117564881786
1659,0.004396592104316449
1660,0.0066920344326838735
1661,0.009125257927101022
1662,0.005091765693131669
1663,0.006888473533414617
1664,0.005301699255318191
1665,0.0028700452622619967
1666,0.004963816970436678
1667,0.00787739197503031
1668,0.006180518071129269
1669,0.005218595813864375
1670,0.00688358141143444
1671,0.004843190387138485
1672,0.006659117926676222
1673,0.0040146657845492985
1674,0.005226785343613456
1675,0.0042583755401868215
1676,0.00436603777997699
1677,0.005668062019209035
1678,0.0072270455435310115
1679,0.0063900521368621625
1680,0.00552851990091769
1681,0.006815647263075123
1682,0.007096478644891135
1683,0.0044099474318285295
1684,0.005673112186878896
1685,0.005156062167255573
1686,0.006217634960202187
1687,0.008395218870387916
1688,0.0052250711636914506
1689,0.006159857793662726
1690,0.005273917259280807
1691,0.00795150962148382
1692,0.007026891827206691
1693,0.004981273556281076
1694,0.006376309558431863
1695,0.004955770587799096
1696,0.007017457585855566
1697,0.007489376766399742
1698,0.006659720910242931
1699,0.006515600086232891
1700,0.004725631791500001
1701,0.006034765938004289
1702,0.005554458765186164
1703,0.00591986895829123
1704,0.005818606432888607
1705,0.00776136814634033
1706,0.005475349592695187
1707,0.0059282927382618466
1708,0.003385499556718424
1709,0.0053306080593325525
1710,0.007276143729255383
1711,0.006116329205518171
1712,0.006740031742418556
1713,0.006458754731354376
1714,0.004857202022214558
1715,0.0053563591968839004
1716,0.006540793273679236
1717,0.006502074210965876
1718,0.008024725436680046
1719,0.005620005023942626
1720,0.004409993287754658
1721,0.007203174692169676
1722,0.006702839992122487
1723,0.005440228396320497
1724,0.006933130636995365
1725,0.006149612353921571
1726,0.006160910751076365
1727,0.0042279673261861024
1728,0.005001108395732619
1729,0.006814171486694734
1730,0.005590604983381557
1731,0.004640621286660758
1732,0.006690687542193049
1733,0.006100334777894462
1734,0.0071458941231873204
1735,0.0073586023115574314
1736,0.0014429543213879705
1737,0.007033685898884012
1738,0.004928073861008227
1739,0.005090074749821895
1740,0.007172116179103339
1741,0.00513995976016867
1742,0.004787413497787052
1743,0.005588346701115773
1744,0.004124736963906609
1745,0.004262588357855832
1746,0.005941394005249202
1747,0.007604646721181886
1748,0.006146166233576273
1749,0.006225947475817724
1750,0.00689482099471981
1751,0.004426677742786021
1752,0.006409908792019724
1753,0.00748801673741117
1754,0.003223639601480126
1755,0.005112767441182917
1756,0.00864107066467736
1757,0.007510504657310441
1758,0.00620369853061472
1759,0.004542938177998949
1760,0.00658255015191222
1761,0.008808367323556141
1762,0.005481972095509429
1763,0.006656618621431722
1764,0.004827148194375499
1765,0.006010243196732096
1766,0.005012681087674641
1767,0.00628307964540882
1768,0.005835290842654759
1769,0.0056934072693917365
1770,0.007608184605215233
1771,0.004169981785178661
1772,0.006780955692205377
1773,0.0058794111980083625
1774,0.006969020256378111
1775,0.006696158539113316
1776,0.005811900229510899
1777,0.005772153614918157
1778,0.0029189162778758917
1779,0.004795511361939685
1780,0.005725632609222158
1781,0.004068698701641073
1782,0.006817421245144691
1783,0.003861994228370057
1784,0.005533571472317687
1785,0.005809394398449586
1786,0.005410573651488498
1787,0.007937248111123063
1788,0.0031427699985733795
1789,0.0066103114514049
1790,0.007642083817759822
1791,0.006740433612003251
1792,0.006673744122703193
1793,0.006379810002558606
1794,0.005478481905099871
1795,0.005790449168015155
1796,0.007029792500812043
1797,0.005383735026599461
1798,0.003121503731263382
1799,0.007801509556293449
1800,0.0063021187301670716
1801,0.0069264065116419115
1802,0.006112779743214523
1803,0.00665752150883466
1804,0.008512297810343543
1805,0.0060244834090328455
1806,0.005747529164366961
1807,0.006379752290536246
1808,0.00745717447984652
1809,0.005636856445061423
1810,0.0070265245486995104
1811,0.005325004690563602
1812,0.007998652659321466
1813,0.007777443950822117
1814,0.00884189554925315
1815,0.0036269594624300425
1816,0.006944464712475295
1817,0.005499658371167127
1818,0.005229008328136162
1819,0.0073037721050195755
1820,0.005261356608222405
1821,0.006175046511575504
1822,0.006077799793804169
1823,0.006368839619353146
1824,0.006676841122091242
1825,0.005704666661129383
1826,0.00638722409143033
1827,0.007796549973745647
1828,0.008193155056074713
1829,0.005623862538245738
1830,0.004620506197512354
1831,0.008184336936962928
1832,0.006869077589814253
1833,0.007976107146158332
1834,0.005276604519199078
1835,0.00497468274514502
1836,0.0059790734371461506
1837,0.008121228275697803
1838,0.006339948241711128
1839,0.00505879029082299
1840,0.006611085106910136
1841,0.004739359246716989
1842,0.0052188003591893415
1843,0.0058032334086083135
1844,0.005377610831439031
1845,0.005876361592185563
1846,0.007128453828936344
1847,0.005747685702981454
1848,0.004660460746492183
1849,0.005083034379985567
1850,0.004555259444164097
1851,0.002731030051072314
1852,0.006166834359222018
1853,0.004470438831796648
1854,0.003997309285284357
1855,0.00513800333511383
1856,0.009334342804919111
1857,0.0043512375755841055
1858,0.006481834086244157
1859,0.00712925391029849
1860,0.003611724224015914
1861,0.006258043390649903
1862,0.005866210107690156
1863,0.002797746514385289
1864,0.006869757512319932
1865,0.0053261042090937995
1866,0.004043711459957196
1867,0.009406220829501948
1868,0.008012431060343158
1869,0.005366273011303973
1870,0.007555126304344299
1871,0.007127282969587818
1872,0.00454258223944935
1873,0.00889485981297252
1874,0.0023560166847925263
1875,0.00477594012828411
1876,0.005059197900627485
1877,0.005754935597777371
1878,0.003204627217889204
1879,0.004299662776230618
1880,0.004887192347419502
1881,0.007728536956646661
1882,0.007466846259008085
1883,0.00561840870353683
1884,0.005820315838128161
1885,0.007653854228337148
1886,0.005104217031967275
1887,0.004597875063676837
1888,0.00520016191088099
1889,0.00509427638241011
1890,0.0065014997716588046
1891,0.00406260363004755
1892,0.004903140072477995
1893,0.0072122853983155235
1894,0.004146390160935172
1895,0.007800192926283897
1896,0.004620834570261295
1897,0.007265582999940277
1898,0.005880001183990112
1899,0.0046433171034138115
1900,0.005271817180271406
1901,0.006318947914180179
1902,0.00794881459711745
1903,0.007663394971198187
1904,0.005619126668711805
1905,0.006441672704981798
1906,0.0053472567873359
1907,0.005325835817425229
1908,0.003962158517562779
1909,0.008547647480842942
1910,0.005902431188745219
1911,0.004107413911345384
1912,0.005699146936104824
1913,0.006309169715158288
1914,0.004874482546432836
1915,0.008460334505708936
1916,0.004113401516361795
1917,0.006017976592314087
1918,0.0038696945617766433
1919,0.007682075416371505
1920,0.006724146638169331
1921,0.005239281714375582
1922,0.004546311494662394
1923,0.00819255355561591
1924,0.006215932306402502
1925,0.005327574188163319
1926,0.008065232022572403
1927,0.004201265456605354
1928,0.006148133253782091
1929,0.005919084565897484
1930,0.005851774403435614
1931,0.005652071355011516
1932,0.0077091479146775875
1933,0.005854609197647801
1934,0.006388074450462282
1935,0.004661032501928666
1936,0.0054112964576129826
1937,0.0066779116363102535
1938,0.006430887538954124
1939,0.007199199272616184
1940,0.005841566048115083
1941,0.008703573523280328
1942,0.008908180767035662
1943,0.00403316163770545
1944,0.007152962174704358
1945,0.005628947138394744
1946,0.0062810058473143325
1947,0.006657359756591309
1948,0.007544106563635933
1949,0.006126888015875549
1950,0.004322643613249019
1951,0.005659781899654511
1952,0.008173024039150562
1953,0.006360080226428759
1954,0.005510729357144499
1955,0.00490458576614996
1956,0.005518248799130388
1957,0.0059089074550260886
1958,0.004208555549130249
1959,0.007425737585607315
1960,0.006717855046953293
1961,0.006383884213929406
1962,0.006473729699394236
1963,0.0056953314942897945
1964,0.005820407793294959
1965,0.006351183170458029
1966,0.0068446955519592826
1967,0.007955014647606447
1968,0.006990821860971806
1969,0.00557646182262963
1970,0.005714301489542077
1971,0.006803733605276732
1972,0.006187307946405614
1973,0.004171654567028489
1974,0.006012934135200942
1975,0.0066954257259715265
1976,0.006623084956263701
1977,0.004809496013258851
1978,0.004411294166753253
1979,0.0060117205682788605
1980,0.004648009463568119
1981,0.0048874906213045455
1982,0.005704989007798465
1983,0.005512879528076994
1984,0.006581525941451656
1985,0.004360245000866488
1986,0.008535779052532144
1987,0.006182197947569166
1988,0.005118249875655914
1989,0.006570814378164336
1990,0.004338995112890312
1991,0.005799333227755306
1992,0.006298575758794994
1993,0.0038780546406059985
1994,0.003534389442724825
1995,0.0053968840612483695
1996,0.006173303516029714
1997,0.0048090492124975735
1998,0.006908658598218165
1999,0.006596952366913082
2000,0.007919827804759109
