descriptor,max_abs_frequency_hz,frequency_rms_hz,max_abs_phase_rad,phase_rms_rad,first_difference_rms_hz,total_variation_hz,second_difference_rms_hz,normalized_first_difference_rms,normalized_second_difference_rms
max_abs_frequency_hz,1.0,0.9642949559667943,0.9298822810394994,0.8756393152032839,0.476164137206658,0.4821029994090003,0.3564325557254071,-0.29083731129067186,-0.28834266917650886
frequency_rms_hz,0.9642949559667943,1.0,0.9728447819701158,0.9316784108590408,0.45580497815137805,0.4644338615074515,0.33557910369168154,-0.31176054833756767,-0.3048080350703193
max_abs_phase_rad,0.9298822810394994,0.9728447819701158,1.0,0.9773747773091376,0.2990409129846068,0.3074105123175854,0.17862940763622503,-0.44312099698611757,-0.43341900484354395
phase_rms_rad,0.8756393152032839,0.9316784108590408,0.9773747773091376,1.0,0.13172358069478177,0.14137853309380755,0.006813938118542523,-0.5588107723062274,-0.5506408964192526
first_difference_rms_hz,0.476164137206658,0.45580497815137805,0.2990409129846068,0.13172358069478177,1.0,0.9994968961938987,0.9892444922546859,0.5947394063658703,0.599927141005546
total_variation_hz,0.4821029994090003,0.4644338615074515,0.3074105123175854,0.14137853309380755,0.9994968961938987,1.0,0.9873526564549028,0.5889970297963554,0.5942093683750097
second_difference_rms_hz,0.3564325557254071,0.33557910369168154,0.17862940763622503,0.006813938118542523,0.9892444922546859,0.9873526564549028,1.0,0.6754265814827799,0.6832828776127061
normalized_first_difference_rms,-0.29083731129067186,-0.31176054833756767,-0.44312099698611757,-0.5588107723062274,0.5947394063658703,0.5889970297963554,0.6754265814827799,1.0,0.9978807863832451
normalized_second_difference_rms,-0.28834266917650886,-0.3048080350703193,-0.43341900484354395,-0.5506408964192526,0.599927141005546,0.5942093683750097,0.6832828776127061,0.9978807863832451,1.0
