sigma_step_hz,descriptor,mean,std,median,p05,p25,p75,p95
0.005,max_abs_frequency_hz,0.03851973331237395,0.010071732340298916,0.0371718361584186,0.024868074959706585,0.031186092965919416,0.04416195964745924,0.057677136517156447
0.005,frequency_rms_hz,0.01567735804474095,0.004619695740032207,0.015098791599107018,0.009795875373780145,0.012404986327502776,0.01806659335413726,0.02478093784823401
0.005,frequency_peak_to_peak_hz,0.06980128962610202,0.01708137666001924,0.06782448281748413,0.04647884775422884,0.05746444322916361,0.07967369031930616,0.10272759212929088
0.005,max_abs_phase_rad,2.0717859554797817,0.9053648867136076,1.9370101499227945,0.8664557154559674,1.398554512230652,2.6055601298878632,3.87366077100705
0.005,phase_rms_rad,1.148586056598781,0.5889146286258895,1.0278149927187075,0.43133678277737103,0.7232868806859297,1.4372375138308007,2.2969475347174146
0.005,final_phase_rad,-4.198074870388504e-15,2.001576758432075e-13,-2.2079235141581055e-15,-3.308438619635881e-13,-1.0615586101131447e-13,9.944608613150774e-14,3.155247981292963e-13
0.005,phase_peak_to_peak_rad,3.7307346140518467,1.6668847927160397,3.4155520751213935,1.59900397772127,2.530757171779867,4.617450230501274,7.080308362437538
0.005,raw_start_hz,0.0,0.0,0.0,0.0,0.0,0.0,0.0
0.005,raw_end_hz,-0.0014075704511111787,0.06467884954530338,-0.002250869370882066,-0.10416181476097419,-0.04322944126209155,0.04284262329434123,0.10313706866235156
0.005,raw_peak_to_peak_hz,0.0957969240389474,0.03150654978977439,0.09067508826563968,0.05423963164562983,0.07388789391311604,0.1130726156822991,0.15521212966733966
0.005,fitted_constant_hz,-0.0001902210947308971,0.03675514259347562,0.00029863190021211215,-0.06336058436053954,-0.024109591924323513,0.023756572975505024,0.05871273829382471
0.005,fitted_linear_coefficient,-0.0011916272134456678,0.035093257931411444,-0.000692278872299423,-0.0592080467796645,-0.02331114521204598,0.02234465774807801,0.05571310301120802
0.01,max_abs_frequency_hz,0.07796213967314349,0.020623775088325417,0.07467943335480792,0.05045137035906743,0.06283409749467382,0.08920621677679487,0.11632468867989555
0.01,frequency_rms_hz,0.031593858717119894,0.009188509825704778,0.029929293886465543,0.01994738848948248,0.02489096631357282,0.03638857749929086,0.0493243572527433
0.01,frequency_peak_to_peak_hz,0.1407062898192279,0.03408850124895997,0.13577556310537625,0.09477898200575136,0.11591380614387439,0.15983423185625073,0.20194210738532373
0.01,max_abs_phase_rad,4.210905725651342,1.8091721686902198,3.89783092123817,1.9120506564881357,2.8719184109723397,5.149320251007832,7.70042643908597
0.01,phase_rms_rad,2.34738684490413,1.165369417473886,2.092685476768752,0.9369921337104149,1.4990129140957684,2.9300450883797766,4.597858040814316
0.01,final_phase_rad,6.119208960501948e-15,3.9673428936414316e-13,7.583506305558485e-15,-6.38297265520213e-13,-2.0168488732395795e-13,2.1095902734652276e-13,6.840579860369065e-13
0.01,phase_peak_to_peak_rad,7.594261307392783,3.2827374278300616,6.935024930582323,3.4557105828535466,5.199516478017614,9.404747303842061,13.83918084271286
0.01,raw_start_hz,0.0,0.0,0.0,0.0,0.0,0.0,0.0
0.01,raw_end_hz,-0.005752106054523864,0.12326842031219282,-0.007620059733082013,-0.21085631740167712,-0.0881803884796417,0.0730654214692685,0.2050839322672587
0.01,raw_peak_to_peak_hz,0.19015575501227847,0.058532931080985,0.17920169341557562,0.1133444067859203,0.14784023948830122,0.22483868916482938,0.3093142174568651
0.01,fitted_constant_hz,-0.0026382118559436156,0.07164392033902303,-0.0029765303832385345,-0.12295715445942118,-0.05099620004312379,0.04443772459609852,0.11664776216731057
0.01,fitted_linear_coefficient,-0.001802585962847696,0.06796136163050359,-0.00015706399290731868,-0.11585968729358208,-0.04828147648298024,0.04390568176739159,0.11117234509165703
0.02,max_abs_frequency_hz,0.15412198097346644,0.0415441471323534,0.15005006032627557,0.09848014063742348,0.12492974273338214,0.17662701621160043,0.22686411074201496
0.02,frequency_rms_hz,0.0625419840131358,0.018019742019575995,0.06001962981306826,0.038122710493706996,0.049399513296112106,0.07274634484075053,0.09486469227462278
0.02,frequency_peak_to_peak_hz,0.27849154480779076,0.06830981467127395,0.2704481391165935,0.18326710822774617,0.2290321249201111,0.31847665631688743,0.3997142760649328
0.02,max_abs_phase_rad,8.250932948300804,3.5031194617127586,7.815331924393287,3.495100926784022,5.666980631085809,10.285826229424,14.634485906430344
0.02,phase_rms_rad,4.585190006925855,2.2743340918523702,4.14973519333379,1.6757675631024247,2.930403784806516,5.975139551702679,8.738573392058095
0.02,final_phase_rad,8.978000437661146e-15,7.709773389717162e-13,7.993876827844248e-15,-1.2017332658501023e-12,-3.7864194201917e-13,3.892750379853871e-13,1.2139339446853857e-12
0.02,phase_peak_to_peak_rad,14.89990523699032,6.487579548218025,13.811175958414347,6.183279739126356,10.142310342399284,18.72121347099891,26.839053446602772
0.02,raw_start_hz,0.0,0.0,0.0,0.0,0.0,0.0,0.0
0.02,raw_end_hz,0.0004806768193468162,0.25806944487091543,0.011293311081664589,-0.4079227703450223,-0.17983273479617012,0.17362976668975563,0.4338877638942631
0.02,raw_peak_to_peak_hz,0.38358816780205995,0.12150196525620148,0.3617893289338776,0.2284545610645052,0.29405819064254185,0.44982652984759436,0.6185795006730489
0.02,fitted_constant_hz,0.0014143536504548303,0.1499987794744433,-0.00324628231598243,-0.23320607759263032,-0.1037021275731562,0.10434829067401141,0.24844575807780203
0.02,fitted_linear_coefficient,-0.0017630684962999714,0.14108481168754008,-0.002284244190882522,-0.22546360087481665,-0.09681182251581995,0.08874394568099414,0.2254699277674851
0.04,max_abs_frequency_hz,0.31017188061284856,0.08215397918637832,0.29737284909122363,0.20101489084583193,0.25090814709266895,0.3563447602429053,0.46448138543715606
0.04,frequency_rms_hz,0.12726389916040173,0.038477042974369276,0.12067381719064421,0.0788220202080744,0.09914750032491841,0.14788013843797387,0.2011627589628728
0.04,frequency_peak_to_peak_hz,0.5603304628772942,0.13682085745427747,0.5438185092937635,0.3734622752000523,0.4612330819922434,0.6361859574483058,0.8158304271127776
0.04,max_abs_phase_rad,16.925373937515513,7.588115667634192,15.586129654423935,6.9787741222177715,11.463796428733756,20.840962318769208,31.75754725312817
0.04,phase_rms_rad,9.427762194430787,4.936296418759888,8.281938992004918,3.289239860967756,5.797463838519747,12.005032094845069,18.92915955318937
0.04,final_phase_rad,-1.477336530753659e-14,1.5190740607009939e-12,-2.0691673201234106e-14,-2.473808310976544e-12,-8.417095145873965e-13,7.641429806623523e-13,2.6822072015687813e-12
0.04,phase_peak_to_peak_rad,30.55978040585923,14.038061521021278,27.95428026724896,12.569388606389431,20.17714728846216,37.949225184439,57.585445080825664
0.04,raw_start_hz,0.0,0.0,0.0,0.0,0.0,0.0,0.0
0.04,raw_end_hz,-0.0025118726136848027,0.5085834765195669,-0.00412303805003799,-0.8430154533459021,-0.3438414057171512,0.32005670905025035,0.8296207742511978
0.04,raw_peak_to_peak_hz,0.7701179162286667,0.24254465391343605,0.7262505265508202,0.462439676925368,0.5935522020522023,0.9038187158774499,1.2258580478519838
0.04,fitted_constant_hz,-0.001995288926385718,0.2965724796182975,-0.0036965619070110515,-0.46755840752029537,-0.22104682177262502,0.2024508455359608,0.5007511342391029
0.04,fitted_linear_coefficient,0.0017111206701115745,0.28101823401108966,0.00023724472117090512,-0.44032342775898065,-0.19115203129900823,0.17687581048484513,0.4750310425171629
0.08,max_abs_frequency_hz,0.6139936894928307,0.161402180494402,0.5874246168091208,0.3896726958075684,0.5011187399816704,0.7092022462775016,0.9056694713573687
0.08,frequency_rms_hz,0.2513328973894432,0.07374948014759171,0.2388763529132616,0.15467002014725204,0.1972834621678155,0.2914857292779255,0.38431075662021363
0.08,frequency_peak_to_peak_hz,1.1136225579122647,0.2725841219759721,1.070360113250832,0.7371054522118463,0.9228600390745189,1.2718863313365067,1.6127274276900112
0.08,max_abs_phase_rad,33.22191032812533,14.248458848503143,31.139663603860992,14.427109050031246,22.451556575220614,41.05101589200327,59.24232830616124
0.08,phase_rms_rad,18.591963326361224,9.453898469226603,16.738064398885093,6.887824393800993,11.569401516443742,23.52769082464432,36.85261454503712
0.08,final_phase_rad,5.374565160257724e-14,3.3218712818968205e-12,-6.462907466142642e-14,-4.667666513719082e-12,-1.6517487789850793e-12,1.679172968206688e-12,5.245341238181016e-12
0.08,phase_peak_to_peak_rad,60.353194792296385,26.723360774657536,56.57518326637705,25.95567729707557,40.193747874520945,75.52895172252586,110.0999848130459
0.08,raw_start_hz,0.0,0.0,0.0,0.0,0.0,0.0,0.0
0.08,raw_end_hz,-0.01411560815463138,1.056612849026699,-0.004486386624447083,-1.637808526409243,-0.7444556241359855,0.6668785904622563,1.7369823185851534
0.08,raw_peak_to_peak_hz,1.5420730829635017,0.5161911332536661,1.4558213166077145,0.9221448226203609,1.175570704705178,1.7749804693162616,2.4876815712977987
0.08,fitted_constant_hz,-0.004904687533811948,0.6137812226147112,-0.028534894739993134,-0.9471910886655801,-0.4099461757670527,0.3832929908909978,1.0197402299933187
0.08,fitted_linear_coefficient,-0.0121220746232137,0.5751230768984698,-0.004547924984815022,-0.8822841038471938,-0.398957614558688,0.3454087926430768,0.9484804181884219
